ID;Intervention Chirurgicale;stress chir cortico;Antibioprophylaxie;Dose;Alternative;Dose Alternative;SPECIALITE;RISQUE HEMORRAGIQUE;CONTRÔLE HEMORRAGIQUE;GRAVITE_V;GRAVITE_F;IOT;ALR;ALR_ALTERATIVE
OPH-ANT-01;Chirurgie de la cataracte simple ou combinée;faible;Céfuroxime (intracamérulaire);1 mg/0,1 mL;Moxifloxacine (intracamérulaire);0,480 mg/0,3 mL;OPHTALMO;NUL;STANDARD;1;0;ML;AUCUNE;LOCALE
OPH-POST-01;Chirurgie de la cornée, du glaucome, de la rétine ou du vitré;faible;Pas d'antibioprophylaxie;Non applicable;Non applicable;Non applicable;OPHTALMO;NUL;STANDARD;1;0;ML;AUCUNE;LOCALE
OPH-TRA-01;Traumatisme à globe ouvert;;Vancomycine + Ceftazidime (intravitréenne);"Vancomycine : 1 mg/0,1 mL; Ceftazidime : 2,25 mg/0,1 mL";Amikacine (intravitréenne);0,2 mg/0,1 mL;OPHTALMO;NUL;STANDARD;1;3;STANDARD;AUCUNE;AUCUNE
NEU-CRA-01;Craniotomie, ventriculoscopie, visiochirurgie;;Céfazoline;2 g IVL initiale, 1 g si >4h, puis 1 g/4h;Clindamycine;900 mg IVL toutes les 6 h;NEUROCHIRURGIE;FAIBLE;RENFORCE;2;3;ARMEE;AUCUNE;AUCUNE
NEU-CRA-02;Biopsie cérébrale;;Pas d’antibioprophylaxie;N/A;N/A;N/A;NEUROCHIRURGIE;FAIBLE;RENFORCE;2;3;ARMEE;AUCUNE;AUCUNE
NEU-CRA-03;Chirurgie intracrânienne (trans-sphénoïdale/labyrinthique);;Céfazoline;2 g IVL initiale, 1 g si >4h, puis 1 g/4h;Clindamycine;900 mg IVL toutes les 6 h;NEUROCHIRURGIE;FAIBLE;RENFORCE;2;3;ARMEE;AUCUNE;AUCUNE
NEU-DER-01;Dérivation ventriculaire externe/lombaire;;Pas d’antibioprophylaxie;N/A;N/A;N/A;NEUROCHIRURGIE;FAIBLE;RENFORCE;2;3;ARMEE;AUCUNE;AUCUNE
NEU-DER-02;Dérivation ventriculaire interne (péritonéale, atriale);;Céfazoline;2 g IVL initiale, 1 g si >4h, puis 1 g/4h;Clindamycine;900 mg IVL toutes les 6 h;NEUROCHIRURGIE;FAIBLE;RENFORCE;2;3;ARMEE;AUCUNE;AUCUNE
NEU-CRA-04;Plaies crânio-cérébrales pénétrantes;;Amoxicilline/Clavulanate;2 g IVL initiale, 1 g si >2h, puis 1 g/2h;Clindamycine + Gentamicine;900 mg IVL + 6-7 mg/kg IVL (dose unique);NEUROCHIRURGIE;MAJEUR;RENFORCE;3;4;ARMEE;AUCUNE;AUCUNE
RAC-INS-01;Chirurgie instrumentée du rachis avec mise en place de matériel en 1 temps;;Céfazoline;2 g IVL initiale, 1 g si >4h, puis toutes les 4h jusqu’à la fin de la chirurgie;Clindamycine ou Vancomycine;900 mg IVL toutes les 6h ou 20 mg/kg IVL (dose unique);RACHIS;IMPORTANT;RENFORCE;1;2;ARMEE;AUCUNE;AUCUNE
RAC-INS-02;Chirurgie instrumentée du rachis avec pose de matériel en 2 temps;;Céfazoline;2 g IVL initiale, 1 g si >4h, puis toutes les 4h jusqu’à la fin de la chirurgie;Clindamycine ou Vancomycine;900 mg IVL toutes les 6h ou 20 mg/kg IVL (dose unique);RACHIS;IMPORTANT;RENFORCE;1;2;ARMEE;AUCUNE;AUCUNE
RAC-INS-03;Reprise de matériel quel que soit le délai;;Céfazoline;2 g IVL initiale, 1 g si >4h, puis toutes les 4h jusqu’à la fin de la chirurgie;Clindamycine ou Vancomycine;900 mg IVL toutes les 6h ou 20 mg/kg IVL (dose unique);RACHIS;IMPORTANT;RENFORCE;1;2;ARMEE;AUCUNE;AUCUNE
RAC-INS-04;Chirurgie du rachis percutanée avec pose de matériel;;Céfazoline;2 g IVL initiale, 1 g si >4h, puis toutes les 4h jusqu’à la fin de la chirurgie;Clindamycine ou Vancomycine;900 mg IVL toutes les 6h ou 20 mg/kg IVL (dose unique);RACHIS;IMPORTANT;RENFORCE;1;2;ARMEE;AUCUNE;AUCUNE
RAC-SIM-01;Chirurgie du rachis sans mise en place de matériel;;Pas d’antibioprophylaxie;Non applicable;Non applicable;Non applicable;RACHIS;IMPORTANT;RENFORCE;1;2;ARMEE;AUCUNE;AUCUNE
RAC-ABL-01;Ablation de matériel du rachis;;Pas d’antibioprophylaxie;Non applicable;Non applicable;Non applicable;RACHIS;IMPORTANT;RENFORCE;1;2;ARMEE;AUCUNE;AUCUNE
NEU-STI-01;Pose de pompe à destination médullaire;;Céfazoline;2 g IVL initiale, 1 g si >4h, puis toutes les 4h jusqu’à la fin de la chirurgie;Clindamycine ou Vancomycine;900 mg IVL toutes les 6h ou 20 mg/kg IVL (dose unique);NEUROCHIRURGIE;FAIBLE;RENFORCE;1;2;ARMEE;AUCUNE;AUCUNE
NEU-STI-02;Pose d’électrode de stimulation cérébrale ou médullaire;;Céfazoline;2 g IVL initiale, 1 g si >4h, puis toutes les 4h jusqu’à la fin de la chirurgie;Clindamycine ou Vancomycine;900 mg IVL toutes les 6h ou 20 mg/kg IVL (dose unique);NEUROCHIRURGIE;FAIBLE;RENFORCE;1;2;ARMEE;AUCUNE;AUCUNE
NEU-STI-03;Pose de stimulateur;;Céfazoline;2 g IVL initiale, 1 g si >4h, puis toutes les 4h jusqu’à la fin de la chirurgie;Clindamycine ou Vancomycine;900 mg IVL toutes les 6h ou 20 mg/kg IVL (dose unique);NEUROCHIRURGIE;FAIBLE;RENFORCE;1;2;ARMEE;AUCUNE;AUCUNE
ORL-RHI-01;Chirurgie sinusienne de polypose ou sinusite chronique;;Pas d’antibioprophylaxie;Non applicable;Non applicable;Non applicable;NEUROCHIRURGIE;FAIBLE;RENFORCE;1;2;NASALE;AUCUNE;AUCUNE
ORL-RHI-02;Chirurgie rhinologique avec mise en place de greffon;;Céfazoline;2 g IVL initiale, 1 g si >4h, puis toutes les 4h;Amoxicilline/Clavulanate;1 g IVL si >2h, puis toutes les 2h;ORL;FAIBLE;STANDARD;1;1;NASALE;AUCUNE;AUCUNE
ORL-RHI-03;Chirurgie rhinologique sans mise en place de greffon;;Pas d’antibioprophylaxie;Non applicable;Non applicable;Non applicable;ORL;FAIBLE;STANDARD;1;1;NASALE;AUCUNE;AUCUNE
ORL-CAR-01;Chirurgie carcinologique avec reconstruction par lambeau libre;;Amoxicilline/Clavulanate;2 g IVL initiale, 1 g si >2h, puis toutes les 2h;Clindamycine + Gentamicine;900 mg IVL + 6-7 mg/kg dose unique;ORL;MAJEUR;STANDARD;2;1;DIFFICILE;AUCUNE;AUCUNE
ORL-CAR-02;Chirurgie carcinologique sans reconstruction;;Amoxicilline/Clavulanate;2 g IVL initiale, 1 g si >2h, puis toutes les 2h;Non applicable;Non applicable;ORL;FAIBLE;STANDARD;2;1;DIFFICILE;AUCUNE;AUCUNE
ORL-PHA-01;Amygdalectomie et/ou adénoïdectomie;faible;Pas d’antibioprophylaxie;Non applicable;Non applicable;Non applicable;ORL;FAIBLE;STANDARD;1;1;STANDARD;AUCUNE;AUCUNE
ORL-THY-01;Thyroïdectomie totale;;Pas d’antibioprophylaxie;Non applicable;Non applicable;Non applicable;ORL;FAIBLE;STANDARD;1;1;STANDARD;AUCUNE;AUCUNE
ORL-THY-02;Thyroïdectomie partielle;;Pas d’antibioprophylaxie;Non applicable;Non applicable;Non applicable;ORL;FAIBLE;STANDARD;1;1;STANDARD;AUCUNE;AUCUNE
ORL-THY-03;Parathyroïdectomie;;Pas d’antibioprophylaxie;Non applicable;Non applicable;Non applicable;ORL;FAIBLE;STANDARD;1;1;STANDARD;AUCUNE;AUCUNE
ORL-TRA-01;Trachéotomie chirurgicale;;Céfazoline;2 g IVL initiale, 1 g si >4h, puis toutes les 4h;Non applicable;Non applicable;ORL;FAIBLE;STANDARD;1;1;DIFFICILE;AUCUNE;LOCALE
ORL-SAL-01;Chirurgie des glandes salivaires avec ouverture bucco-pharyngée;faible;Amoxicilline/Clavulanate;2 g IVL initiale, 1 g si >2h, puis toutes les 2h;Clindamycine + Gentamicine;900 mg IVL + 6-7 mg/kg dose unique;ORL;FAIBLE;STANDARD;1;1;NASALE;AUCUNE;AUCUNE
ORL-SAL-02;Chirurgie des glandes salivaires sans ouverture bucco-pharyngée;faible;Pas d’antibioprophylaxie;Non applicable;Non applicable;Non applicable;ORL;FAIBLE;STANDARD;1;1;NASALE;AUCUNE;AUCUNE
ORL-LAR-01;Laryngoscopie en suspension diagnostique;faible;Pas d’antibioprophylaxie;Non applicable;Non applicable;Non applicable;ORL;FAIBLE;STANDARD;1;1;STANDARD;AUCUNE;AUCUNE
ORL-OTO-01;Chirurgie otologique (tympanoplastie, stapédectomie, etc.);faible;Pas d’antibioprophylaxie;Non applicable;Non applicable;Non applicable;ORL;FAIBLE;STANDARD;1;1;STANDARD;AUCUNE;AUCUNE
ORL-OTO-02;Implants cochléaires;faible;Céfazoline;2 g IVL initiale, 1 g si >4h, puis toutes les 4h;Amoxicilline/Clavulanate;1 g IVL si >2h, puis toutes les 2h;ORL;FAIBLE;STANDARD;1;1;ARMEE;AUCUNE;AUCUNE
CMF-ORG-01;Chirurgie orthognatique;;Céfazoline;2 g IVL initiale, 1 g si >4h, puis toutes les 4h jusqu’à la fin de la chirurgie, puis 1 g/6h postop pendant 48h max;Amoxicilline/Clavulanate;2 g IVL initiale, 1 g si >2h, puis toutes les 2h jusqu’à la fin de la chirurgie, puis 1 g/6h postop pendant 48h max;CMF;FAIBLE;STANDARD;1;1;DIFFICILE;AUCUNE;AUCUNE
CMF-ABL-01;Ablation de matériel;faible;Pas d’antibioprophylaxie;Non applicable;Non applicable;Non applicable;CMF;FAIBLE;STANDARD;1;1;NASALE;AUCUNE;AUCUNE
CMF-DEN-01;Extractions de dents incluses, ectopiques ou en désinclusion;faible;Amoxicilline;2 g IVL initiale, 1 g si >2h, puis toutes les 2h jusqu’à la fin de la chirurgie;Clindamycine;900 mg IVL;CMF;FAIBLE;STANDARD;1;1;NASALE;AUCUNE;LOCALE
CMF-DEN-02;Pose de matériel d’ancrage orthodontique;;Pas d’antibioprophylaxie;Non applicable;Non applicable;Non applicable;CMF;FAIBLE;STANDARD;1;1;NASALE;AUCUNE;LOCALE
CMF-DEN-03;Chirurgie apicale;faible;Pas d’antibioprophylaxie;Non applicable;Non applicable;Non applicable;CMF;FAIBLE;STANDARD;1;1;NASALE;AUCUNE;LOCALE
CMF-DEN-04;Chirurgie alvéolaire (greffes osseuses, sinus lift, etc.);;Pas d’antibioprophylaxie;Non applicable;Non applicable;Non applicable;CMF;FAIBLE;STANDARD;1;1;NASALE;AUCUNE;LOCALE
CMF-TRA-01;Traumatologie maxillo-faciale (fractures mandibule, Lefort, etc.);;Amoxicilline/Clavulanate;2 g IVL initiale, 1 g si >2h, puis toutes les 2h jusqu’à la fin de la chirurgie, puis 1 g/6h postop pendant 24h max;Céfazoline;2 g IVL initiale, 1 g si >4h, puis toutes les 4h jusqu’à la fin de la chirurgie, puis 1 g/6h postop pendant 24h max;CMF;FAIBLE;STANDARD;1;2;DIFFICILE;AUCUNE;AUCUNE
CAR-CHI-01;Chirurgie des parois, cavités, valves du cœur, aorte ascendante et crosse aortique, avec ou sans CEC;;Céfazoline;2 g IVL initiale, 1 g si >4h, puis toutes les 4h jusqu’à la fin de la chirurgie;Vancomycine ou Téicoplanine;20 mg/kg IVL ou 12 mg/kg IVL (dose unique);CARDIAQUE;MAJEUR;RENFORCE;3;1;ARMEE;AUCUNE;AUCUNE
CAR-DRE-01;Drainage péricardique par thoracotomie ou sternotomie;;Céfazoline;2 g IVL initiale, 1 g si >4h, puis toutes les 4h jusqu’à la fin de la chirurgie;Vancomycine ou Téicoplanine;20 mg/kg IVL ou 12 mg/kg IVL (dose unique);CARDIAQUE;FAIBLE;RENFORCE;4;1;ARMEE;AUCUNE;AUCUNE
CAR-DRE-02;Fenêtre pleuropéricardique ou péritonéopéricardique;;Céfazoline;2 g IVL initiale, 1 g si >4h, puis toutes les 4h jusqu’à la fin de la chirurgie;Vancomycine ou Téicoplanine;20 mg/kg IVL ou 12 mg/kg IVL (dose unique);CARDIAQUE;FAIBLE;RENFORCE;4;1;ARMEE;AUCUNE;AUCUNE
CAR-CHI-02;Hémostase postopératoire après chirurgie cardiaque par sternotomie ou thoracotomie;;Céfazoline;2 g IVL initiale, 1 g si >4h, puis toutes les 4h jusqu’à la fin de la chirurgie;Vancomycine ou Téicoplanine;20 mg/kg IVL ou 12 mg/kg IVL (dose unique);CARDIAQUE;MAJEUR;RENFORCE;4;1;ARMEE;AUCUNE;AUCUNE
CAR-ASS-01;Transplantation cardiaque et assistance circulatoire de longue durée;;Céfazoline;2 g IVL initiale, 1 g si >4h, puis toutes les 4h jusqu’à la fin de la chirurgie;Vancomycine ou Téicoplanine;20 mg/kg IVL ou 12 mg/kg IVL (dose unique);CARDIAQUE;MAJEUR;RENFORCE;4;1;ARMEE;AUCUNE;AUCUNE
CAR-ASS-02;Assistance circulatoire de courte durée sans abord chirurgical (ECMO, Impella, CPIA, etc.);;Pas d’antibioprophylaxie;Non applicable;Non applicable;Non applicable;CARDIAQUE;MAJEUR;RENFORCE;4;1;ARMEE;AUCUNE;AUCUNE
CAR-ASS-03;Assistance circulatoire avec abord chirurgical (ECMO, Impella, etc.);;Céfazoline;2 g IVL initiale, 1 g si >4h, puis toutes les 4h jusqu’à la fin de la chirurgie;Vancomycine ou Téicoplanine;20 mg/kg IVL ou 12 mg/kg IVL (dose unique);CARDIAQUE;MAJEUR;RENFORCE;4;1;ARMEE;AUCUNE;AUCUNE
CDI-VAL-01;Bioprothèse de valve aortique par voie artérielle transcutanée (TAVI);;Amoxicilline/Clavulanate;2 g IVL initiale, 1 g si >2h, puis toutes les 2h jusqu’à fin de chirurgie;Vancomycine ou Téicoplanine;20 mg/kg IVL ou 12 mg/kg IVL;CARDIOLOGIE;FAIBLE;STANDARD;3;1;ML;AUCUNE;LOCALE+SEDATION
CDI-VAL-02;Autre bioprothèse valvulaire par voie transcutanée;;Amoxicilline/Clavulanate;2 g IVL initiale, 1 g si >2h, puis toutes les 2h jusqu’à fin de chirurgie;Vancomycine ou Téicoplanine;20 mg/kg IVL ou 12 mg/kg IVL;CARDIOLOGIE;FAIBLE;STANDARD;3;1;ML;AUCUNE;LOCALE+SEDATION
CDI-STR-01;Fermeture d’auricule par voie percutanée avec implantation de matériel;;Amoxicilline/Clavulanate;2 g IVL initiale, 1 g si >2h, puis toutes les 2h jusqu’à fin de chirurgie;Vancomycine ou Téicoplanine;20 mg/kg IVL ou 12 mg/kg IVL;CARDIOLOGIE;FAIBLE;STANDARD;3;1;ML;AUCUNE;LOCALE+SEDATION
CDI-STR-02;Rétrécissement de l’orifice atrioventriculaire gauche (MitraClip);;Amoxicilline/Clavulanate;2 g IVL initiale, 1 g si >2h, puis toutes les 2h jusqu’à fin de chirurgie;Vancomycine ou Téicoplanine;20 mg/kg IVL ou 12 mg/kg IVL;CARDIOLOGIE;FAIBLE;STANDARD;3;1;ML;AUCUNE;LOCALE+SEDATION
CDI-STR-03;Fermeture de communication interatriale ou de foramen ovale perméable;;Amoxicilline/Clavulanate;2 g IVL initiale, 1 g si >2h, puis toutes les 2h jusqu’à fin de chirurgie;Vancomycine ou Téicoplanine;20 mg/kg IVL ou 12 mg/kg IVL;CARDIOLOGIE;FAIBLE;STANDARD;3;1;ML;AUCUNE;LOCALE+SEDATION
CDI-RYT-01;Implantation ou changement de stimulateur cardiaque ou défibrillateur;;Céfazoline;2 g IVL initiale, 1 g si >4h, puis toutes les 4h jusqu’à la fin de la chirurgie;Vancomycine ou Téicoplanine;20 mg/kg IVL ou 12 mg/kg IVL;CARDIOLOGIE;FAIBLE;STANDARD;3;1;ML;AUCUNE;LOCALE+SEDATION
CDI-RYT-02;Implantation, explantation ou changement de sonde de stimulation;;Céfazoline;2 g IVL initiale, 1 g si >4h, puis toutes les 4h jusqu’à la fin de la chirurgie;Vancomycine ou Téicoplanine;20 mg/kg IVL ou 12 mg/kg IVL;CARDIOLOGIE;FAIBLE;STANDARD;3;1;ML;AUCUNE;LOCALE+SEDATION
CDI-RYT-03;Exploration électrophysiologique endocavitaire atriale et/ou ventriculaire;;Pas d’antibioprophylaxie;Non applicable;Non applicable;Non applicable;CARDIOLOGIE;FAIBLE;STANDARD;3;1;ML;AUCUNE;LOCALE+SEDATION
CDI-RYT-04;Ablation de trouble du rythme cardiaque par cathéter;;Pas d’antibioprophylaxie;Non applicable;Non applicable;Non applicable;CARDIOLOGIE;FAIBLE;STANDARD;3;1;ML;AUCUNE;LOCALE+SEDATION
VAS-AOR-01;Chirurgie artérielle périphérique ou chirurgie aortique;;Céfazoline;2 g IVL initiale, 1 g si >4h, puis toutes les 4h jusqu’à la fin de la chirurgie;Vancomycine ou Téicoplanine;20 mg/kg IVL ou 12 mg/kg IVL;VASCULAIRE;MAJEUR;STANDARD;3;1;STANDARD;AUCUNE;BNP
VAS-CAR-01;Chirurgie carotidienne avec mise en place de matériel;;Céfazoline;2 g IVL initiale, 1 g si >4h, puis toutes les 4h jusqu’à la fin de la chirurgie;Vancomycine ou Téicoplanine;20 mg/kg IVL ou 12 mg/kg IVL;VASCULAIRE;MAJEUR;STANDARD;3;1;STANDARD;AUCUNE;LOCALE+SEDATION
VAS-CAR-02;Chirurgie carotidienne sans mise en place de matériel;;Pas d’antibioprophylaxie;Non applicable;Non applicable;Non applicable;VASCULAIRE;MAJEUR;STANDARD;3;3;STANDARD;AUCUNE;LOCALE+SEDATION
VAS-PER-01;Chirurgie des varices avec abord chirurgical du Scarpa;;Céfazoline;2 g IVL initiale, 1 g si >4h, puis toutes les 4h jusqu’à la fin de la chirurgie;Vancomycine ou Téicoplanine;20 mg/kg IVL ou 12 mg/kg IVL;VASCULAIRE;FAIBLE;STANDARD;1;1;STANDARD;AUCUNE;BNP
VAS-PER-02;Chirurgie des varices sans abord chirurgical du Scarpa;;Pas d’antibioprophylaxie;Non applicable;Non applicable;Non applicable;VASCULAIRE;FAIBLE;STANDARD;1;1;STANDARD;AUCUNE;LOCALE+SEDATION
VAS-PER-03;Création ou reprise de fistule artério-veineuse avec matériel;;Céfazoline;2 g IVL initiale, 1 g si >4h, puis toutes les 4h jusqu’à la fin de la chirurgie;Vancomycine ou Téicoplanine;20 mg/kg IVL ou 12 mg/kg IVL;VASCULAIRE;FAIBLE;STANDARD;1;1;STANDARD;AUCUNE;LOCALE+SEDATION
VAS-PER-04;Création ou reprise de fistule artério-veineuse sans matériel;;Pas d’antibioprophylaxie;Non applicable;Non applicable;Non applicable;VASCULAIRE;FAIBLE;STANDARD;1;1;STANDARD;AUCUNE;LOCALE+SEDATION
VAS-END-01;Procédures avec stent couvert ou endoprothèse;;Céfazoline;2 g IVL initiale, 1 g si >4h, puis toutes les 4h jusqu’à la fin de la chirurgie;Vancomycine ou Téicoplanine;20 mg/kg IVL ou 12 mg/kg IVL;VASCULAIRE;FAIBLE;STANDARD;2;2;STANDARD;AUCUNE;LOCALE+SEDATION
VAS-PER-05;Amputation de membre (hors contexte septique);;Amoxicilline/Clavulanate;2 g IVL initiale, 1 g si >2h, puis toutes les 2h jusqu’à la fin de la chirurgie;Clindamycine + Gentamicine;900 mg IVL + 6-7 mg/kg IVL;VASCULAIRE;IMPORTANT;STANDARD;2;2;STANDARD;RA;BNP
THO-RES-01;Pneumonectomies ou lobectomies pulmonaires;;Amoxicilline/Clavulanate ou Céfazoline ou Céfuroxime;"2 g IVL initiale, 1 g si >2h, puis toutes les 2h jusqu’à fin de chirurgie (Amoxicilline) ; 1 g si >4h, puis toutes les 4h (Céfazoline)";Clindamycine + Gentamicine;900 mg IVL + 6-7 mg/kg IVL;THORACIQUE;MAJEUR;RENFORCE;3;1;SELECTIF;AUCUNE;APD
THO-RES-02;Pleuro-pneumonectomies;;Amoxicilline/Clavulanate ou Céfazoline ou Céfuroxime;"2 g IVL initiale, 1 g si >2h, puis toutes les 2h jusqu’à fin de chirurgie (Amoxicilline) ; 1 g si >4h, puis toutes les 4h (Céfazoline)";Clindamycine + Gentamicine;900 mg IVL + 6-7 mg/kg IVL;THORACIQUE;MAJEUR;RENFORCE;3;1;SELECTIF;AUCUNE;APD
THO-RES-03;Exérèses partielles non anatomiques simples ou multiples du poumon;;Amoxicilline/Clavulanate ou Céfazoline ou Céfuroxime;"2 g IVL initiale, 1 g si >2h, puis toutes les 2h jusqu’à fin de chirurgie (Amoxicilline) ; 1 g si >4h, puis toutes les 4h (Céfazoline)";Clindamycine + Gentamicine;900 mg IVL + 6-7 mg/kg IVL;THORACIQUE;MAJEUR;RENFORCE;3;1;SELECTIF;AUCUNE;APD
THO-RES-04;Segmentectomie pulmonaire unique ou multiple;;Amoxicilline/Clavulanate ou Céfazoline ou Céfuroxime;"2 g IVL initiale, 1 g si >2h, puis toutes les 2h jusqu’à fin de chirurgie (Amoxicilline) ; 1 g si >4h, puis toutes les 4h (Céfazoline)";Clindamycine + Gentamicine;900 mg IVL + 6-7 mg/kg IVL;THORACIQUE;MAJEUR;RENFORCE;3;1;SELECTIF;AUCUNE;APD
THO-RES-05;Réduction uni- ou bilatérale de volume pulmonaire;;Amoxicilline/Clavulanate ou Céfazoline ou Céfuroxime;"2 g IVL initiale, 1 g si >2h, puis toutes les 2h jusqu’à fin de chirurgie (Amoxicilline) ; 1 g si >4h, puis toutes les 4h (Céfazoline)";Clindamycine + Gentamicine;900 mg IVL + 6-7 mg/kg IVL;THORACIQUE;MAJEUR;RENFORCE;3;1;SELECTIF;AUCUNE;APD
THO-RES-06;Résection de bulle d'emphysème pulmonaire;;Amoxicilline/Clavulanate ou Céfazoline ou Céfuroxime;"2 g IVL initiale, 1 g si >2h, puis toutes les 2h jusqu’à fin de chirurgie (Amoxicilline) ; 1 g si >4h, puis toutes les 4h (Céfazoline)";Clindamycine + Gentamicine;900 mg IVL + 6-7 mg/kg IVL;THORACIQUE;FAIBLE;RENFORCE;2;1;SELECTIF;AUCUNE;APD
THO-RES-07;Exérèse de kyste hydatique du poumon;;Amoxicilline/Clavulanate ou Céfazoline ou Céfuroxime;"2 g IVL initiale, 1 g si >2h, puis toutes les 2h jusqu’à fin de chirurgie (Amoxicilline) ; 1 g si >4h, puis toutes les 4h (Céfazoline)";Clindamycine + Gentamicine;900 mg IVL + 6-7 mg/kg IVL;THORACIQUE;MAJEUR;RENFORCE;3;1;SELECTIF;AUCUNE;AUCUNE
THO-MED-01;Chirurgie du médiastin;;Céfazoline;2 g IVL initiale, 1 g si >4h, puis toutes les 4h;Clindamycine + Gentamicine;900 mg IVL + 6-7 mg/kg IVL;THORACIQUE;FAIBLE;RENFORCE;2;1;SELECTIF;AUCUNE;AUCUNE
THO-PLR-01;Chirurgie du pneumothorax;;Céfazoline;2 g IVL initiale, 1 g si >4h, puis toutes les 4h;Clindamycine + Gentamicine;900 mg IVL + 6-7 mg/kg IVL;THORACIQUE;FAIBLE;RENFORCE;2;1;SELECTIF;AUCUNE;AUCUNE
THO-PLR-02;Chirurgie de la plèvre (patient non infecté);;Céfazoline;2 g IVL initiale, 1 g si >4h, puis toutes les 4h;Clindamycine + Gentamicine;900 mg IVL + 6-7 mg/kg IVL;THORACIQUE;FAIBLE;RENFORCE;2;1;SELECTIF;AUCUNE;AUCUNE
THO-PLR-03;Chirurgie de paroi thoracique (avec ou sans pose de matériel);;Céfazoline;2 g IVL initiale, 1 g si >4h, puis toutes les 4h;Clindamycine + Gentamicine;900 mg IVL + 6-7 mg/kg IVL;THORACIQUE;FAIBLE;RENFORCE;2;1;SELECTIF;AUCUNE;AUCUNE
THO-MED-02;Médiastinoscopie avec ou sans biopsie;;Pas d’antibioprophylaxie;Non applicable;Non applicable;Non applicable;THORACIQUE;FAIBLE;RENFORCE;2;1;ARMEE;AUCUNE;AUCUNE
THO-PLR-04;Thoracoscopie/pleuroscopie, avec ou sans biopsie, abrasion ou talcage;;Pas d’antibioprophylaxie;Non applicable;Non applicable;Non applicable;THORACIQUE;FAIBLE;RENFORCE;2;1;SELECTIF;AUCUNE;AUCUNE
THO-END-01;Pose de prothèse endo-bronchique ou trachéale;;Amoxicilline/Clavulanate;2 g IVL initiale, 1 g si >2h, puis toutes les 2h;Clindamycine + Gentamicine;900 mg IVL + 6-7 mg/kg IVL;THORACIQUE;FAIBLE;RENFORCE;2;1;STANDARD;AUCUNE;LOCALE+SEDATION
THO-END-02;Destruction d’une ou plusieurs tumeurs bronchopulmonaires par radiofréquence guidée par scanner;;Pas d’antibioprophylaxie;Non applicable;Non applicable;Non applicable;THORACIQUE;FAIBLE;RENFORCE;2;1;STANDARD;AUCUNE;AUCUNE
THO-END-03;Biopsie pulmonaire par voie transcutanée;;Pas d’antibioprophylaxie;Non applicable;Non applicable;Non applicable;THORACIQUE;FAIBLE;RENFORCE;2;1;STANDARD;AUCUNE;AUCUNE
THO-TRA-01;Trachéotomie chirurgicale;;Céfazoline;2 g IVL initiale, 1 g si >4h, puis toutes les 4h;Clindamycine + Gentamicine;900 mg IVL + 6-7 mg/kg IVL;ENDOSCOPIE THORACIQUE;FAIBLE;STANDARD;3;1;DIFFICILE;AUCUNE;LOCALE+SEDATION
THO-TRA-02;Suture ou résection-anastomose de bronche (cervicotomie ou thoracotomie);;Céfazoline;2 g IVL initiale, 1 g si >4h, puis toutes les 4h;Clindamycine + Gentamicine;900 mg IVL + 6-7 mg/kg IVL;ENDOSCOPIE THORACIQUE;FAIBLE;STANDARD;3;1;ARMEE;AUCUNE;AUCUNE
THO-TRA-03;Plastie ou fermeture d’orifice de trachéostomie ou trachéotomie;;Céfazoline;2 g IVL initiale, 1 g si >4h, puis toutes les 4h;Clindamycine + Gentamicine;900 mg IVL + 6-7 mg/kg IVL;ENDOSCOPIE THORACIQUE;FAIBLE;STANDARD;3;1;DIFFICILE;AUCUNE;AUCUNE
THO-TRA-04;Tuteur trachéal (cervicotomie);;Céfazoline;2 g IVL initiale, 1 g si >4h, puis toutes les 4h;Clindamycine + Gentamicine;900 mg IVL + 6-7 mg/kg IVL;ENDOSCOPIE THORACIQUE;FAIBLE;STANDARD;3;1;DIFFICILE;AUCUNE;AUCUNE
THO-TRA-05;Plastie de trachée par autogreffe ou lambeau;;Céfazoline;2 g IVL initiale, 1 g si >4h, puis toutes les 4h;Clindamycine + Gentamicine;900 mg IVL + 6-7 mg/kg IVL;ENDOSCOPIE THORACIQUE;FAIBLE;STANDARD;3;1;ARMEE;AUCUNE;AUCUNE
THO-TRA-06;Remplacement de trachée par prothèse;;Céfazoline;2 g IVL initiale, 1 g si >4h, puis toutes les 4h;Clindamycine + Gentamicine;900 mg IVL + 6-7 mg/kg IVL;ENDOSCOPIE THORACIQUE;FAIBLE;STANDARD;3;1;ARMEE;AUCUNE;AUCUNE
THO-TRA-07;Résection-anastomose de trachée ou de bifurcation trachéale;;Céfazoline;2 g IVL initiale, 1 g si >4h, puis toutes les 4h;Clindamycine + Gentamicine;900 mg IVL + 6-7 mg/kg IVL;ENDOSCOPIE THORACIQUE;FAIBLE;STANDARD;3;1;ARMEE;AUCUNE;AUCUNE
THO-OES-01;Chirurgie œsophagienne (œsophagectomie, excision de tumeur, traitement de diverticule);;Céfazoline ou Amoxicilline/Clavulanate;2 g IVL initiale, 1 g si >4h (Céfazoline) ou 1 g si >2h (Amoxicilline);Clindamycine + Gentamicine;900 mg IVL + 6-7 mg/kg IVL;THORACIQUE;MAJEUR;RENFORCE;3;1;SELECTIF;AUCUNE;APD
THO-END-04;Radiologie interventionnelle des voies respiratoires ou du poumon;;Pas d’antibioprophylaxie;Non applicable;Non applicable;Non applicable;ENDOSCOPIE THORACIQUE;FAIBLE;STANDARD;2;1;STANDARD;AUCUNE;LOCALE+SEDATION
THO-END-05;Fibroscopie ou écho-endoscopie diagnostique;faible;Pas d’antibioprophylaxie;Non applicable;Non applicable;Non applicable;ENDOSCOPIE THORACIQUE;FAIBLE;STANDARD;2;1;VS;AUCUNE;LOCALE+SEDATION
THO-END-06;Pose de prothèse endo-bronchique, trachéale ou mise en place de valves unidirectionnelle;;Amoxicilline/Clavulanate;2 g IVL initiale, 1 g si >2h, puis toutes les 2h;Clindamycine + Gentamicine;900 mg IVL + 6-7 mg/kg IVL;ENDOSCOPIE THORACIQUE;FAIBLE;STANDARD;2;1;STANDARD;AUCUNE;LOCALE+SEDATION
THO-END-07;Endoscopie thérapeutique : dilatation, laser;faible;Amoxicilline/Clavulanate;2 g IVL initiale, 1 g si >2h, puis toutes les 2h;Clindamycine + Gentamicine;900 mg IVL + 6-7 mg/kg IVL;ENDOSCOPIE THORACIQUE;FAIBLE;STANDARD;2;1;VS;AUCUNE;LOCALE+SEDATION
THO-RES-08;Transplantation mono ou bipulmonaire avec ou sans circulation extra-corporelle;;Selon protocole local;Variable selon colonisation et antibiothérapie préexistante;Non applicable;Non applicable;ENDOSCOPIE THORACIQUE;FAIBLE;STANDARD;2;1;SELECTIF;AUCUNE;AUCUNE
PLA-MAM-01;Reconstruction mammaire avec implant ou prothèse;;Céfazoline;2 g IVL;1 g toutes les 4h si chirurgie >4h;Clindamycine ou Vancomycine ou Téicoplanine;PLASTIQUE;FAIBLE;STANDARD;1;1;ML/IOT;AUCUNE;AUCUNE
PLA-MAM-02;Reconstruction mammaire par lambeau;;Amoxicilline/Clavulanate;2 g IVL;1 g toutes les 2h si chirurgie >2h;Clindamycine ou Vancomycine ou Téicoplanine;PLASTIQUE;FAIBLE;STANDARD;1;1;ML/IOT;AUCUNE;AUCUNE
PLA-MAM-03;Réduction mammaire;;Pas d’antibioprophylaxie;Non applicable;Non applicable;Non applicable;PLASTIQUE;FAIBLE;STANDARD;1;1;ML/IOT;AUCUNE;AUCUNE
PLA-MAM-04;Lipofilling mammaire (<200 mL, durée ≤2h);;Pas d’antibioprophylaxie;Non applicable;Non applicable;Non applicable;PLASTIQUE;FAIBLE;STANDARD;1;1;ML/IOT;AUCUNE;AUCUNE
PLA-MAM-05;Lipofilling mammaire (>200 mL ou durée >2h);;Céfazoline;2 g IVL;1 g toutes les 4h si chirurgie >4h;Clindamycine ou Vancomycine ou Téicoplanine;PLASTIQUE;FAIBLE;STANDARD;1;1;ML/IOT;AUCUNE;AUCUNE
PLA-MAM-06;Exérèse de gynécomastie;;Pas d’antibioprophylaxie;Non applicable;Non applicable;Non applicable;PLASTIQUE;FAIBLE;STANDARD;1;1;ML/IOT;AUCUNE;AUCUNE
PLA-COR-01;Brachioplastie (lifting des bras);;Céfazoline;2 g IVL;1 g toutes les 4h si chirurgie >4h;Clindamycine ou Vancomycine ou Téicoplanine;PLASTIQUE;FAIBLE;STANDARD;1;1;STANDARD;AUCUNE;BNP
PLA-COR-02;Cruroplastie (lifting des cuisses);;Céfazoline;2 g IVL;1 g toutes les 4h si chirurgie >4h;Clindamycine ou Vancomycine ou Téicoplanine;PLASTIQUE;FAIBLE;STANDARD;1;1;STANDARD;AUCUNE;BNP
PLA-COR-03;Body-lift;;Céfazoline;2 g IVL;1 g toutes les 4h si chirurgie >4h;Clindamycine ou Vancomycine ou Téicoplanine;PLASTIQUE;FAIBLE;STANDARD;1;1;STANDARD;AUCUNE;AUCUNE
PLA-COR-04;Abdominoplastie (plastie abdominale);;Céfazoline;2 g IVL;1 g toutes les 4h si chirurgie >4h;Clindamycine ou Vancomycine ou Téicoplanine;PLASTIQUE;FAIBLE;STANDARD;1;1;STANDARD;AUCUNE;AUCUNE
PLA-FAC-01;Otoplastie;;Pas d’antibioprophylaxie;Non applicable;Non applicable;Non applicable;PLASTIQUE;FAIBLE;STANDARD;1;1;ML;AUCUNE;LOCALE
PLA-FAC-02;Blépharoplastie;;Pas d’antibioprophylaxie;Non applicable;Non applicable;Non applicable;PLASTIQUE;FAIBLE;STANDARD;1;1;ML;AUCUNE;LOCALE
PLA-FAC-03;Lifting cervico-facial ou mask-lift (durée ≤ 2h);;Pas d’antibioprophylaxie;Non applicable;Non applicable;Non applicable;PLASTIQUE;FAIBLE;STANDARD;1;1;ML;AUCUNE;AUCUNE
PLA-FAC-04;Lifting cervico-facial ou mask-lift (durée > 2h, avec greffon ou remodelage osseux);;Céfazoline;2 g IVL 1 g si durée > 4h, puis toutes les 4h;Clindamycine ou Vancomycine ou Téicoplanine;900 mg IVL ou 20 mg/kg IVL ou 12 mg/kg IVL;PLASTIQUE;FAIBLE;STANDARD;1;1;STANDARD;AUCUNE;AUCUNE
PLA-FAC-05;Septo-rhinoplastie avec ou sans greffe de cartilage;;Céfazoline;2 g IVL 1 g si durée > 4h, puis toutes les 4h;Clindamycine ou Vancomycine ou Téicoplanine;900 mg IVL ou 20 mg/kg IVL ou 12 mg/kg IVL;PLASTIQUE;FAIBLE;STANDARD;1;1;NASALE;AUCUNE;AUCUNE
PLA-FAC-06;Implants ou appositions modelantes à la face (malaire);;Céfazoline;2 g IVL 1 g si durée > 4h, puis toutes les 4h;Clindamycine ou Vancomycine ou Téicoplanine;900 mg IVL ou 20 mg/kg IVL ou 12 mg/kg IVL;PLASTIQUE;FAIBLE;STANDARD;1;1;NASALE;AUCUNE;AUCUNE
PLA-FAC-07;Frontoplastie;;Céfazoline;2 g IVL 1 g si durée > 4h, puis toutes les 4h;Clindamycine ou Vancomycine ou Téicoplanine;900 mg IVL ou 20 mg/kg IVL ou 12 mg/kg IVL;PLASTIQUE;FAIBLE;STANDARD;1;1;STANDARD;AUCUNE;AUCUNE
PLA-FAC-08;Génioplastie (avec ou sans implant);;Amoxicilline/Clavulanate;2 g IVL 1 g si durée > 4h, puis toutes les 4h;Clindamycine + Gentamicine;900 mg IVL + 6-7 mg/kg IVL;PLASTIQUE;FAIBLE;STANDARD;1;1;NASALE;AUCUNE;AUCUNE
PLA-FAC-09;Chirurgie orthognatique avec ouverture buccale;;Amoxicilline/Clavulanate;2 g IVL 1 g si durée > 4h, puis toutes les 4h;Clindamycine + Gentamicine;900 mg IVL + 6-7 mg/kg IVL;PLASTIQUE;FAIBLE;STANDARD;1;1;NASALE;AUCUNE;AUCUNE
PLA-FAC-10;Autogreffes capillaires de réimplantation;faible;Pas d’antibioprophylaxie;Non applicable;Non applicable;Non applicable;PLASTIQUE;FAIBLE;STANDARD;1;1;ML;AUCUNE;LOCALE
PLA-FAC-11;Chirurgie de la face avec reconstruction par lambeau (abord endo-oral);;Amoxicilline/Clavulanate;2 g IVL 1 g si durée > 4h, puis toutes les 4h;Clindamycine + Gentamicine;900 mg IVL + 6-7 mg/kg IVL;PLASTIQUE;FAIBLE;STANDARD;1;1;NASALE;AUCUNE;AUCUNE
PLA-FAC-12;Chirurgie de la face avec reconstruction par lambeau (abord extra-oral sans contamination, durée ≤ 2h);;Pas d’antibioprophylaxie;Non applicable;Non applicable;Non applicable;PLASTIQUE;FAIBLE;STANDARD;1;1;NASALE;AUCUNE;AUCUNE
PLA-FAC-13;Chirurgie de la face avec reconstruction par lambeau (abord extra-oral sans contamination, durée > 2h);;Céfazoline;2 g IVL 1 g si durée > 4h, puis toutes les 4h;Clindamycine ou Vancomycine ou Téicoplanine;900 mg IVL ou 20 mg/kg IVL ou 12 mg/kg IVL;PLASTIQUE;FAIBLE;STANDARD;1;1;NASALE;AUCUNE;AUCUNE
PLA-CUT-01;Transfert adipocytaire libre : < 200 mL ET durée ≤ 2h;;PAS D'ANTIBIOPROPHYLAXIE;N/A;N/A;N/A;PLASTIQUE;FAIBLE;STANDARD;1;1;ML;AUCUNE;LOCALE+SEDATION
PLA-CUT-02;Transfert adipocytaire libre : > 200 mL ou durée > 2h;;Céfazoline;2 g IVL initialement, puis 1 g si durée > 4h, à répéter toutes les 4h jusqu’à la fin de la chirurgie;Clindamycine / Vancomycine / Téicoplanine;Respectivement 900 mg / 20 mg/kg / 12 mg/kg;PLASTIQUE;FAIBLE;STANDARD;1;1;STANDARD;AUCUNE;LOCALE+SEDATION
PLA-CUT-03;Greffes cutanées (hors brûlure);;PAS D'ANTIBIOPROPHYLAXIE;N/A;N/A;N/A;PLASTIQUE;FAIBLE;STANDARD;1;1;STANDARD;AUCUNE;BNP
PLA-CUT-04;Pose de substitut dermique;;Céfazoline;2 g IVL initialement, puis 1 g si durée > 4h, à répéter toutes les 4h jusqu’à la fin de la chirurgie;Clindamycine / Vancomycine / Téicoplanine;Respectivement 900 mg / 20 mg/kg / 12 mg/kg;PLASTIQUE;FAIBLE;STANDARD;1;1;STANDARD;AUCUNE;BNP
PLA-CUT-05;Expansion cutanée avec prothèse : Pose de prothèse(s) d’expansion;;Céfazoline;2 g IVL initialement, puis 1 g si durée > 4h, à répéter toutes les 4h jusqu’à la fin de la chirurgie;Clindamycine / Vancomycine / Téicoplanine;Respectivement 900 mg / 20 mg/kg / 12 mg/kg;PLASTIQUE;FAIBLE;STANDARD;1;1;ML-IOT;AUCUNE;AUCUNE
PLA-CUT-06;Expansion cutanée avec prothèse : Gonflage de prothèse;;PAS D'ANTIBIOPROPHYLAXIE;N/A;N/A;N/A;PLASTIQUE;FAIBLE;STANDARD;1;1;ML;AUCUNE;LOCALE
PLA-CUT-07;Lambeaux libres microchirurgicaux ou pédiculés;;Céfazoline;2 g IVL initialement, puis 1 g si durée > 4h, à répéter toutes les 4h jusqu’à la fin de la chirurgie;Clindamycine / Vancomycine / Téicoplanine;Respectivement 900 mg / 20 mg/kg / 12 mg/kg;PLASTIQUE;FAIBLE;STANDARD;1;1;STANDARD;AUCUNE;AUCUNE
PLA-CUT-08;Plastie(s) cutanée(s);;PAS D'ANTIBIOPROPHYLAXIE;N/A;N/A;N/A;PLASTIQUE;FAIBLE;STANDARD;1;1;STANDARD;AUCUNE;BNP
PLA-CUT-09;Tumorectomie cutanée;;PAS D'ANTIBIOPROPHYLAXIE;N/A;N/A;N/A;PLASTIQUE;FAIBLE;STANDARD;1;1;ML;AUCUNE;LOCALE
PLA-ONC-01;Chirurgie de ganglion sentinelle;;PAS D'ANTIBIOPROPHYLAXIE;N/A;N/A;N/A;PLASTIQUE;FAIBLE;STANDARD;1;1;ML;AUCUNE;BNP
PLA-ONC-02;Curage ganglionnaire axillaire ou inguinal seul;faible;PAS D'ANTIBIOPROPHYLAXIE;N/A;N/A;N/A;PLASTIQUE;FAIBLE;STANDARD;1;1;STANDARD;AUCUNE;BNP
PLA-GEN-01;Pose de prothèse testiculaire;faible;Céfazoline;2 g IVL initialement, puis 1 g si durée > 4h, à répéter toutes les 4h jusqu’à la fin de la chirurgie;Clindamycine / Vancomycine / Téicoplanine;Respectivement 900 mg / 20 mg/kg / 12 mg/kg;PLASTIQUE;FAIBLE;STANDARD;1;1;STANDARD;AUCUNE;BNP
PLA-GEN-02;Pose de prothèse pénienne;;Céfazoline;2 g IVL initialement, puis 1 g si durée > 4h, à répéter toutes les 4h jusqu’à la fin de la chirurgie;Clindamycine / Vancomycine / Téicoplanine;Respectivement 900 mg / 20 mg/kg / 12 mg/kg;PLASTIQUE;FAIBLE;STANDARD;1;1;STANDARD;AUCUNE;BNP
PLA-GEN-03;Armature d’un néo-pénis;;Céfazoline;2 g IVL initialement, puis 1 g si durée > 4h, à répéter toutes les 4h jusqu’à la fin de la chirurgie;Clindamycine / Vancomycine / Téicoplanine;Respectivement 900 mg / 20 mg/kg / 12 mg/kg;PLASTIQUE;FAIBLE;STANDARD;1;1;STANDARD;AUCUNE;AUCUNE
PLA-GEN-04;Pose de prothèses gonflables (hydrauliques) avec composants extra-caverneux;;Céfazoline;2 g IVL initialement, puis 1 g si durée > 4h, à répéter toutes les 4h jusqu’à la fin de la chirurgie;Clindamycine / Vancomycine / Téicoplanine;Respectivement 900 mg / 20 mg/kg / 12 mg/kg;PLASTIQUE;FAIBLE;STANDARD;1;1;STANDARD;AUCUNE;BNP
PLA-GEN-05;Pose de prothèses semi-rigides;;Céfazoline;2 g IVL initialement, puis 1 g si durée > 4h, à répéter toutes les 4h jusqu’à la fin de la chirurgie;Clindamycine / Vancomycine / Téicoplanine;Respectivement 900 mg / 20 mg/kg / 12 mg/kg;PLASTIQUE;FAIBLE;STANDARD;1;1;STANDARD;AUCUNE;BNP
PLA-GEN-06;Urétroplastie, vaginoplastie et vestibuloplastie avec enfouissement ou réduction du clitoris, pour féminisation;;Amoxicilline/Clavulanate;2 g IVL initialement, puis 1 g si durée > 2h, à répéter toutes les 2h jusqu’à la fin de la chirurgie;Gentamicine + Métronidazole;Respectivement 6–7 mg/kg + 1 g;PLASTIQUE;FAIBLE;STANDARD;1;1;STANDARD;AUCUNE;BNP
PLA-GEN-07;Création d’un néo-vagin et d’une néo-vulve +/- greffe de peau;;Amoxicilline/Clavulanate;2 g IVL initialement, puis 1 g si durée > 2h, à répéter toutes les 2h jusqu’à la fin de la chirurgie;Gentamicine + Métronidazole;Respectivement 6–7 mg/kg + 1 g;PLASTIQUE;FAIBLE;STANDARD;1;1;STANDARD;AUCUNE;AUCUNE
PLA-GEN-08;Plastie des organes génitaux externes pour transsexualisme masculin;;Amoxicilline/Clavulanate;2 g IVL initialement, puis 1 g si durée > 2h, à répéter toutes les 2h jusqu’à la fin de la chirurgie;Gentamicine + Métronidazole;Respectivement 6–7 mg/kg + 1 g;PLASTIQUE;FAIBLE;STANDARD;1;1;STANDARD;AUCUNE;BNP
PLA-GEN-09;Création d’un néo-vagin avec un segment intestinal : veille au soir;;Tobramycine + Métronidazole;Tobramycine : 200 mg per os (dose unique), Métronidazole : 1 g per os (dose unique);N/A;N/A;PLASTIQUE;FAIBLE;STANDARD;1;1;STANDARD;AUCUNE;AUCUNE
PLA-GEN-10;Création d’un néo-vagin avec un segment intestinal : lors de la chirurgie;;Céfoxitine;2 g IVL initialement, puis 1 g si durée > 2h, à répéter toutes les 2h jusqu’à la fin de la chirurgie;Clindamycine / Vancomycine / Téicoplanine;Respectivement 900 mg / 20 mg/kg / 12 mg/kg;PLASTIQUE;FAIBLE;STANDARD;1;1;STANDARD;AUCUNE;AUCUNE
PLA-GEN-11;Phalloplastie par lambeau inguinal pédiculé, ou lambeau cutané libre, ou lambeau cutané tubulé pénien;;Céfazoline;2 g IVL initialement, puis 1 g si durée > 4h, à répéter toutes les 4h jusqu’à la fin de la chirurgie;Clindamycine / Vancomycine / Téicoplanine;Respectivement 900 mg / 20 mg/kg / 12 mg/kg;PLASTIQUE;FAIBLE;STANDARD;1;1;STANDARD;AUCUNE;AUCUNE
PLA-FAC-14;Laryngoplastie par cervicotomie;;PAS D'ANTIBIOPROPHYLAXIE;N/A;N/A;N/A;PLASTIQUE;FAIBLE;STANDARD;1;1;DIFFICILE;AUCUNE;AUCUNE
PLA-GEN-12;Métoïdioplastie;;Céfazoline;2 g IVL initialement, puis 1 g si durée > 4h, à répéter toutes les 4h jusqu’à la fin de la chirurgie;Clindamycine / Vancomycine / Téicoplanine;Respectivement 900 mg / 20 mg/kg / 12 mg/kg;PLASTIQUE;FAIBLE;STANDARD;1;1;STANDARD;AUCUNE;BNP
PLA-BRU-01;Pansement de brûlure initial (mise à plat de phlyctènes, lavage) et secondaire sans geste chirurgical;;PAS D'ANTIBIOPROPHYLAXIE;N/A;N/A;N/A;PLASTIQUE;FAIBLE;STANDARD;1;1;STANDARD;AUCUNE;LOCALE+SEDATION
PLA-BRU-02;Incision de décharge : Escarrotomie;;PAS D'ANTIBIOPROPHYLAXIE;N/A;N/A;N/A;PLASTIQUE;FAIBLE;STANDARD;1;1;STANDARD;AUCUNE;LOCALE
PLA-BRU-03;Incision de décharge : Aponévrotomie;;PAS D'ANTIBIOPROPHYLAXIE;N/A;N/A;N/A;PLASTIQUE;FAIBLE;STANDARD;1;1;STANDARD;AUCUNE;BNP
PLA-BRU-04;Excision de brûlure sans couverture ou avec couverture temporaire (allo ou xénogreffe);;PAS D'ANTIBIOPROPHYLAXIE;N/A;N/A;N/A;PLASTIQUE;FAIBLE;STANDARD;1;1;STANDARD;AUCUNE;AUCUNE
PLA-BRU-05;Autogreffe cutanée;;PAS D'ANTIBIOPROPHYLAXIE;N/A;N/A;N/A;PLASTIQUE;FAIBLE;STANDARD;1;1;STANDARD;AUCUNE;BNP
PLA-BRU-06;Greffe de matrice cutanée artificielle;;Céfazoline;2 g IVL initialement, puis 1 g si durée > 4h, à répéter toutes les 4h jusqu’à la fin de la chirurgie;Clindamycine / Vancomycine / Téicoplanine;Respectivement 900 mg / 20 mg/kg / 12 mg/kg;PLASTIQUE;FAIBLE;STANDARD;1;1;STANDARD;AUCUNE;AUCUNE
PLA-CUT-10;Arthrodèse avec articulation fermée;;Antibioprophylaxie adaptée à la flore du site opératoire et au risque du patient;À déterminer selon le contexte clinique;À déterminer selon le contexte clinique;À déterminer selon le contexte clinique;PLASTIQUE;FAIBLE;STANDARD;1;1;STANDARD;BNP;RA
PLA-CUT-11;Amputation;;Amoxicilline/Clavulanate;2 g IVL initialement, puis 1 g si durée > 2h, à répéter toutes les 2h jusqu’à la fin de la chirurgie;Gentamicine + Métronidazole;Respectivement 6–7 mg/kg + 1 g;PLASTIQUE;FAIBLE;STANDARD;1;3;STANDARD;RA;BNP
PLA-CUT-12;Enfouissement de cartilage pour reconstruction auriculaire;;Antibioprophylaxie adaptée à la flore du site opératoire et au risque du patient;À déterminer selon le contexte clinique;À déterminer selon le contexte clinique;À déterminer selon le contexte clinique;PLASTIQUE;FAIBLE;STANDARD;1;3;STANDARD;AUCUNE;AUCUNE
PLA-CUT-13;Lambeau à distance à pédicule ou vascularisation transitoire (liste de lambeaux précisés);;Antibioprophylaxie adaptée à la flore du site opératoire et au risque du patient;À déterminer selon le contexte clinique;À déterminer selon le contexte clinique;À déterminer selon le contexte clinique;PLASTIQUE;IMPORTANT;STANDARD;1;2;STANDARD;AUCUNE;BNP
GYN-MAM-01;Tumorectomie mammaire sans curage;;PAS D'ANTIBIOPROPHYLAXIE;N/A;N/A;N/A;GYNECOLOGIE;FAIBLE;STANDARD;1;1;ML-IOT;AUCUNE;AUCUNE
GYN-MAM-02;Tumorectomie mammaire avec ganglion sentinelle;;PAS D'ANTIBIOPROPHYLAXIE;N/A;N/A;N/A;GYNECOLOGIE;FAIBLE;STANDARD;1;1;ML-IOT;AUCUNE;AUCUNE
GYN-MAM-03;Tumorectomie mammaire avec curage axillaire;;Céfazoline / Céfuroxime;"2 g IVL (Céfazoline) initialement, puis 1 g si durée > 4h, toutes les 4h jusqu’à la fin de la chirurgie ; 1,5 g IVL (Céfuroxime) initialement, puis 0,75 g si durée > 2h, toutes les 2h";"  Clindamycine 900 mg IVL ; Si céfuroxime  Clindamycine 900 mg IVL + Gentamicine 6–7 mg/kg IVL";Respectivement 900 mg / 900 mg + 6–7 mg/kg;GYNECOLOGIE;FAIBLE;STANDARD;1;1;ML-IOT;AUCUNE;AUCUNE
GYN-MAM-04;Mastectomie (avec ou sans curage, avec ou sans reconstruction immédiate);;Céfazoline / Céfuroxime;"2 g IVL (Céfazoline) initialement, puis 1 g si durée > 4h, toutes les 4h jusqu’à la fin de la chirurgie ; 1,5 g IVL (Céfuroxime) initialement, puis 0,75 g si durée > 2h, toutes les 2h";"  Clindamycine 900 mg IVL ; Si céfuroxime  Clindamycine 900 mg IVL + Gentamicine 6–7 mg/kg IVL";Respectivement 900 mg / 900 mg + 6–7 mg/kg;GYNECOLOGIE;FAIBLE;STANDARD;1;1;ML-IOT;AUCUNE;AUCUNE
GYN-MAM-05;Mastoplastie unilatérale de réduction;;PAS D'ANTIBIOPROPHYLAXIE;N/A;N/A;N/A;GYNECOLOGIE;FAIBLE;STANDARD;1;1;ML-IOT;AUCUNE;AUCUNE
GYN-MAM-06;Mastoplastie bilatérale de réduction;;PAS D'ANTIBIOPROPHYLAXIE;N/A;N/A;N/A;GYNECOLOGIE;FAIBLE;STANDARD;1;1;ML-IOT;AUCUNE;AUCUNE
GYN-MAM-07;Mastopexie pour ptose simple;;PAS D'ANTIBIOPROPHYLAXIE;N/A;N/A;N/A;GYNECOLOGIE;FAIBLE;STANDARD;1;1;ML-IOT;AUCUNE;AUCUNE
GYN-MAM-08;Ablation uni- ou bilatérale d'implant prothétique mammaire, sans ou avec capsulectomie;;PAS D'ANTIBIOPROPHYLAXIE;N/A;N/A;N/A;GYNECOLOGIE;FAIBLE;STANDARD;1;1;ML-IOT;AUCUNE;AUCUNE
GYN-MAM-09;Mastoplastie ou reconstruction avec pose d'implant prothétique ou lambeau;;Céfazoline / Céfuroxime;"2 g IVL (Céfazoline) initialement, puis 1 g si durée > 4h, toutes les 4h jusqu’à la fin de la chirurgie ; 1,5 g IVL (Céfuroxime) initialement, puis 0,75 g si durée > 2h, toutes les 2h";"  Clindamycine 900 mg IVL ; Si céfuroxime  Clindamycine 900 mg IVL + Gentamicine 6–7 mg/kg IVL";Respectivement 900 mg / 900 mg + 6–7 mg/kg;GYNECOLOGIE;FAIBLE;STANDARD;1;1;ML-IOT;AUCUNE;AUCUNE
GYN-MAM-10;Changement d'implant prothétique mammaire;;Céfazoline / Céfuroxime;"2 g IVL (Céfazoline) initialement, puis 1 g si durée > 4h, toutes les 4h jusqu’à la fin de la chirurgie ; 1,5 g IVL (Céfuroxime) initialement, puis 0,75 g si durée > 2h, toutes les 2h";"  Clindamycine 900 mg IVL ; Si céfuroxime  Clindamycine 900 mg IVL + Gentamicine 6–7 mg/kg IVL";Respectivement 900 mg / 900 mg + 6–7 mg/kg;GYNECOLOGIE;FAIBLE;STANDARD;1;1;ML-IOT;AUCUNE;AUCUNE
GYN-MAM-11;Chirurgie du mamelon ou de la plaque aréolo-mamelonnaire;;PAS D'ANTIBIOPROPHYLAXIE;N/A;N/A;N/A;GYNECOLOGIE;FAIBLE;STANDARD;1;1;ML-IOT;AUCUNE;AUCUNE
GYN-MAM-12;Autogreffe de tissu adipeux <200 cm³ au niveau du sein ET chirurgie <2h;;PAS D'ANTIBIOPROPHYLAXIE;N/A;N/A;N/A;GYNECOLOGIE;FAIBLE;STANDARD;1;1;ML-IOT;AUCUNE;AUCUNE
GYN-MAM-13;Autogreffe de tissu adipeux ≥200 cm³ au niveau du sein et/ou chirurgie >2h;;Céfazoline / Céfuroxime;"2 g IVL (Céfazoline) initialement, puis 1 g si durée > 4h, toutes les 4h jusqu’à la fin de la chirurgie ; 1,5 g IVL (Céfuroxime) initialement, puis 0,75 g si durée > 2h, toutes les 2h";"  Clindamycine 900 mg IVL ; Si céfuroxime  Clindamycine 900 mg IVL + Gentamicine 6–7 mg/kg IVL";Respectivement 900 mg / 900 mg + 6–7 mg/kg;GYNECOLOGIE;FAIBLE;STANDARD;1;1;ML-IOT;AUCUNE;AUCUNE
GYN-COE-01;Coelioscopie diagnostique;faible;PAS D'ANTIBIOPROPHYLAXIE;N/A;N/A;N/A;GYNECOLOGIE;FAIBLE;STANDARD;1;1;STANDARD;AUCUNE;AUCUNE
GYN-COE-02;Ligature ou déligature de trompe, détorsion d’annexe;;PAS D'ANTIBIOPROPHYLAXIE;N/A;N/A;N/A;GYNECOLOGIE;FAIBLE;STANDARD;1;3;STANDARD;AUCUNE;AUCUNE
GYN-COE-03;Plastie tubaire, fimbrioplastie, salpingectomie;;PAS D'ANTIBIOPROPHYLAXIE;N/A;N/A;N/A;GYNECOLOGIE;FAIBLE;STANDARD;1;2;STANDARD;AUCUNE;AUCUNE
GYN-COE-04;Drilling ovarien, kystectomie ovarienne, transposition ovarienne;;PAS D'ANTIBIOPROPHYLAXIE;N/A;N/A;N/A;GYNECOLOGIE;FAIBLE;STANDARD;1;1;STANDARD;AUCUNE;AUCUNE
GYN-COE-05;Ponction de kyste;faible;PAS D'ANTIBIOPROPHYLAXIE;N/A;N/A;N/A;GYNECOLOGIE;FAIBLE;STANDARD;1;1;STANDARD;AUCUNE;LOCALE+SEDATION
GYN-COE-06;Ablation de dispositif intra-utérin ayant migré (par coelioscopie);;PAS D'ANTIBIOPROPHYLAXIE;N/A;N/A;N/A;GYNECOLOGIE;FAIBLE;STANDARD;1;1;STANDARD;AUCUNE;AUCUNE
GYN-COE-07;Annexectomie;;Céfazoline / Céfuroxime;"2 g IVL (Céfazoline) initialement, puis 1 g si durée > 4h, toutes les 4h jusqu’à la fin de la chirurgie ; 1,5 g IVL (Céfuroxime) initialement, puis 0,75 g si durée > 2h, toutes les 2h";"  Clindamycine 900 mg IVL ; Si céfuroxime  Clindamycine 900 mg IVL + Gentamicine 6–7 mg/kg IVL";Respectivement 900 mg / 900 mg + 6–7 mg/kg;GYNECOLOGIE;FAIBLE;STANDARD;1;1;STANDARD;AUCUNE;AUCUNE
GYN-COE-08;Ovariectomie;;Céfazoline / Céfuroxime;"2 g IVL (Céfazoline) initialement, puis 1 g si durée > 4h, toutes les 4h jusqu’à la fin de la chirurgie ; 1,5 g IVL (Céfuroxime) initialement, puis 0,75 g si durée > 2h, toutes les 2h";"  Clindamycine 900 mg IVL ; Si céfuroxime  Clindamycine 900 mg IVL + Gentamicine 6–7 mg/kg IVL";Respectivement 900 mg / 900 mg + 6–7 mg/kg;GYNECOLOGIE;FAIBLE;STANDARD;1;1;STANDARD;AUCUNE;AUCUNE
GYN-COE-09;Débulking ovarien;;Céfazoline / Céfuroxime;"2 g IVL (Céfazoline) initialement, puis 1 g si durée > 4h, toutes les 4h jusqu’à la fin de la chirurgie ; 1,5 g IVL (Céfuroxime) initialement, puis 0,75 g si durée > 2h, toutes les 2h";"  Clindamycine 900 mg IVL ; Si céfuroxime  Clindamycine 900 mg IVL + Gentamicine 6–7 mg/kg IVL";Respectivement 900 mg / 900 mg + 6–7 mg/kg;GYNECOLOGIE;FAIBLE;STANDARD;1;1;STANDARD;AUCUNE;AUCUNE
GYN-COE-10;Curage pelvien et/ou lombo-aortique;;Céfazoline / Céfuroxime;"2 g IVL (Céfazoline) initialement, puis 1 g si durée > 4h, toutes les 4h jusqu’à la fin de la chirurgie ; 1,5 g IVL (Céfuroxime) initialement, puis 0,75 g si durée > 2h, toutes les 2h";"  Clindamycine 900 mg IVL ; Si céfuroxime  Clindamycine 900 mg IVL + Gentamicine 6–7 mg/kg IVL";Respectivement 900 mg / 900 mg + 6–7 mg/kg;GYNECOLOGIE;FAIBLE;STANDARD;1;1;STANDARD;AUCUNE;AUCUNE
GYN-COE-11;Omentectomie;;Céfazoline / Céfuroxime;"2 g IVL (Céfazoline) initialement, puis 1 g si durée > 4h, toutes les 4h jusqu’à la fin de la chirurgie ; 1,5 g IVL (Céfuroxime) initialement, puis 0,75 g si durée > 2h, toutes les 2h";"  Clindamycine 900 mg IVL ; Si céfuroxime  Clindamycine 900 mg IVL + Gentamicine 6–7 mg/kg IVL";Respectivement 900 mg / 900 mg + 6–7 mg/kg;GYNECOLOGIE;FAIBLE;STANDARD;1;1;STANDARD;AUCUNE;AUCUNE
GYN-COE-12;Résection de lésions endométriosiques avec atteinte rectale;;Céfazoline + Métronidazole;"2 g IVL (Céfazoline) initialement, puis 1 g si durée > 4h, toutes les 4h ; Métronidazole : 1 g IVL dose unique";Clindamycine 900 mg IVL + Gentamicine 6–7 mg/kg IVL;Respectivement 900 mg + 6–7 mg/kg;GYNECOLOGIE;FAIBLE;STANDARD;1;1;STANDARD;AUCUNE;AUCUNE
GYN-COE-13;Chirurgie tubaire;;Céfazoline / Céfuroxime;"2 g IVL (Céfazoline) initialement, puis 1 g si durée > 4h, toutes les 4h ; 1,5 g IVL (Céfuroxime) initialement, puis 0,75 g si durée > 2h, toutes les 2h";"Si céfazoline : Clindamycine 900 mg IVL ; Si céfuroxime : Clindamycine 900 mg IVL + Gentamicine 6–7 mg/kg IVL";Respectivement 900 mg / 900 mg + 6–7 mg/kg;GYNECOLOGIE;FAIBLE;STANDARD;1;1;STANDARD;AUCUNE;AUCUNE
GYN-COE-14;Annexectomie, ovariectomie;;Céfazoline / Céfuroxime;"2 g IVL (Céfazoline) initialement, puis 1 g si durée > 4h, toutes les 4h ; 1,5 g IVL (Céfuroxime) initialement, puis 0,75 g si durée > 2h, toutes les 2h";"Si céfazoline : Clindamycine 900 mg IVL ; Si céfuroxime : Clindamycine 900 mg IVL + Gentamicine 6–7 mg/kg IVL";Respectivement 900 mg / 900 mg + 6–7 mg/kg;GYNECOLOGIE;FAIBLE;STANDARD;1;1;STANDARD;AUCUNE;AUCUNE
GYN-COE-15;Curage pelvien et/ou lombo-aortique;;Céfazoline / Céfuroxime;"2 g IVL (Céfazoline) initialement, puis 1 g si durée > 4h, toutes les 4h ; 1,5 g IVL (Céfuroxime) initialement, puis 0,75 g si durée > 2h, toutes les 2h";"Si céfazoline : Clindamycine 900 mg IVL ; Si céfuroxime : Clindamycine 900 mg IVL + Gentamicine 6–7 mg/kg IVL";Respectivement 900 mg / 900 mg + 6–7 mg/kg;GYNECOLOGIE;FAIBLE;STANDARD;1;1;STANDARD;AUCUNE;AUCUNE
GYN-COE-16;Omentectomie;;Céfazoline / Céfuroxime;"2 g IVL (Céfazoline) initialement, puis 1 g si durée > 4h, toutes les 4h ; 1,5 g IVL (Céfuroxime) initialement, puis 0,75 g si durée > 2h, toutes les 2h";"Si céfazoline : Clindamycine 900 mg IVL ; Si céfuroxime : Clindamycine 900 mg IVL + Gentamicine 6–7 mg/kg IVL";Respectivement 900 mg / 900 mg + 6–7 mg/kg;GYNECOLOGIE;FAIBLE;STANDARD;1;1;STANDARD;AUCUNE;AUCUNE
GYN-COE-17;Ablation de dispositif intra-utérin ayant migré (par coelioscopie);;Céfazoline / Céfuroxime;"2 g IVL (Céfazoline) initialement, puis 1 g si durée > 4h, toutes les 4h ; 1,5 g IVL (Céfuroxime) initialement, puis 0,75 g si durée > 2h, toutes les 2h";"Si céfazoline : Clindamycine 900 mg IVL ; Si céfuroxime : Clindamycine 900 mg IVL + Gentamicine 6–7 mg/kg IVL";Respectivement 900 mg / 900 mg + 6–7 mg/kg;GYNECOLOGIE;FAIBLE;STANDARD;1;1;STANDARD;AUCUNE;AUCUNE
GYN-COE-18;Exérèse de lésions endométriosiques de la cloison rectovaginale;;Céfazoline;2 g IVL initialement, puis 1 g si durée > 4h, toutes les 4h;Clindamycine 900 mg IVL;900 mg;GYNECOLOGIE;FAIBLE;STANDARD;1;1;STANDARD;AUCUNE;AUCUNE
GYN-UTE-01;hystérectomie totale sans ou avec annexectomie;;Céfoxitine;2 g IVL initialement, puis 1 g si durée > 2h, toutes les 2h;Clindamycine 900 mg IVL + Gentamicine 6–7 mg/kg IVL;Respectivement 900 mg + 6–7 mg/kg;GYNECOLOGIE;FAIBLE;STANDARD;1;1;STANDARD;AUCUNE;APD-RA
GYN-UTE-02;Colpo-hystérectomie élargie;;Céfoxitine;2 g IVL initialement, puis 1 g si durée > 2h, toutes les 2h;Clindamycine 900 mg IVL + Gentamicine 6–7 mg/kg IVL;Respectivement 900 mg + 6–7 mg/kg;GYNECOLOGIE;FAIBLE;STANDARD;1;1;STANDARD;AUCUNE;APD-RA
GYN-UTE-03;Colpo-trachélectomie élargie;;Céfoxitine;2 g IVL initialement, puis 1 g si durée > 2h, toutes les 2h;Clindamycine 900 mg IVL + Gentamicine 6–7 mg/kg IVL;Respectivement 900 mg + 6–7 mg/kg;GYNECOLOGIE;FAIBLE;STANDARD;1;1;STANDARD;AUCUNE;APD-RA
GYN-UTE-04;Hystérectomie subtotale sans ou avec annexectomie (sans temps vaginal);;Céfazoline / Céfuroxime;"2 g IVL (Céfazoline) initialement, puis 1 g si durée > 4h, toutes les 4h ; 1,5 g IVL (Céfuroxime) initialement, puis 0,75 g si durée > 2h, toutes les 2h";"Si céfazoline : Clindamycine 900 mg IVL ; Si céfuroxime : Clindamycine 900 mg IVL + Gentamicine 6–7 mg/kg IVL";Respectivement 900 mg / 900 mg + 6–7 mg/kg;GYNECOLOGIE;FAIBLE;STANDARD;1;1;STANDARD;AUCUNE;APD-RA
GYN-UTE-05;Myomectomie;;Céfazoline / Céfuroxime;"2 g IVL (Céfazoline) initialement, puis 1 g si durée > 4h, toutes les 4h ; 1,5 g IVL (Céfuroxime) initialement, puis 0,75 g si durée > 2h, toutes les 2h";"Si céfazoline : Clindamycine 900 mg IVL ; Si céfuroxime : Clindamycine 900 mg IVL + Gentamicine 6–7 mg/kg IVL";Respectivement 900 mg / 900 mg + 6–7 mg/kg;GYNECOLOGIE;FAIBLE;STANDARD;1;1;STANDARD;AUCUNE;APD-RA
GYN-UTE-06;Cerclage de l'isthme utérin en dehors de la grossesse;faible;Céfazoline / Céfuroxime;"2 g IVL (Céfazoline) initialement, puis 1 g si durée > 4h, toutes les 4h ; 1,5 g IVL (Céfuroxime) initialement, puis 0,75 g si durée > 2h, toutes les 2h";"Si céfazoline : Clindamycine 900 mg IVL ; Si céfuroxime : Clindamycine 900 mg IVL + Gentamicine 6–7 mg/kg IVL";Respectivement 900 mg / 900 mg + 6–7 mg/kg;GYNECOLOGIE;FAIBLE;STANDARD;1;1;STANDARD;AUCUNE;APD-RA
GYN-UTE-07;Hystérorraphie, hystéroplastie;;Céfazoline / Céfuroxime;"2 g IVL (Céfazoline) initialement, puis 1 g si durée > 4h, toutes les 4h ; 1,5 g IVL (Céfuroxime) initialement, puis 0,75 g si durée > 2h, toutes les 2h";"Si céfazoline : Clindamycine 900 mg IVL ; Si céfuroxime : Clindamycine 900 mg IVL + Gentamicine 6–7 mg/kg IVL";Respectivement 900 mg / 900 mg + 6–7 mg/kg;GYNECOLOGIE;FAIBLE;STANDARD;1;1;STANDARD;AUCUNE;APD-RA
GYN-UTE-08;Conisation, curetage du corps de l'utérus, destruction de la muqueuse utérine par thermocontact;faible;PAS D'ANTIBIOPROPHYLAXIE;N/A;N/A;N/A;GYNECOLOGIE;FAIBLE;STANDARD;1;1;STANDARD;AUCUNE;LOCALE+SEDATION
GYN-UTE-09;Cerclage de l'isthme utérin par abord vaginal, en dehors de la grossesse;faible;PAS D'ANTIBIOPROPHYLAXIE;N/A;N/A;N/A;GYNECOLOGIE;FAIBLE;STANDARD;1;1;STANDARD;AUCUNE;APD-RA
GYN-UTE-10;Destruction de lésions du col par laser ou sans laser, exérèse de lésion pédiculée accouchée par le col;faible;PAS D'ANTIBIOPROPHYLAXIE;N/A;N/A;N/A;GYNECOLOGIE;FAIBLE;STANDARD;1;1;STANDARD;AUCUNE;LOCALE
GYN-UTE-11;Élargissement de l’orifice externe du col de l'utérus;faible;PAS D'ANTIBIOPROPHYLAXIE;N/A;N/A;N/A;GYNECOLOGIE;FAIBLE;STANDARD;1;1;STANDARD;AUCUNE;LOCALE
GYN-UTE-12;Section de cloisons ou synéchies utérines;faible;PAS D'ANTIBIOPROPHYLAXIE;N/A;N/A;N/A;GYNECOLOGIE;FAIBLE;STANDARD;1;1;STANDARD;AUCUNE;LOCALE+SEDATION
GYN-UTE-13;Résection de myome;;PAS D'ANTIBIOPROPHYLAXIE;N/A;N/A;N/A;GYNECOLOGIE;FAIBLE;STANDARD;1;1;STANDARD;AUCUNE;LOCALE+SEDATION
GYN-UTE-14;Hystéroscopie diagnostique;faible;PAS D'ANTIBIOPROPHYLAXIE;N/A;N/A;N/A;GYNECOLOGIE;FAIBLE;STANDARD;1;1;STANDARD;AUCUNE;LOCALE+SEDATION
GYN-UTE-15;Pose de dispositif intra-utérin;faible;PAS D'ANTIBIOPROPHYLAXIE;N/A;N/A;N/A;GYNECOLOGIE;FAIBLE;STANDARD;1;1;STANDARD;AUCUNE;LOCALE
GYN-UTE-16;Hystérectomie avec et sans annexectomie;;Céfoxitine;2 g IVL initialement, puis 1 g si durée > 2h, toutes les 2h;Clindamycine 900 mg IVL + Gentamicine 6–7 mg/kg IVL;Respectivement 900 mg + 6–7 mg/kg;GYNECOLOGIE;FAIBLE;STANDARD;1;1;STANDARD;AUCUNE;APD-RA
GYN-VUL-01;Colpectomie subtotale ou totale;;Céfoxitine;2 g IVL initialement, puis 1 g si durée > 2h, toutes les 2h;Clindamycine 900 mg IVL + Gentamicine 6–7 mg/kg IVL;Respectivement 900 mg + 6–7 mg/kg;GYNECOLOGIE;FAIBLE;STANDARD;1;1;STANDARD;AUCUNE;APD-RA
GYN-VUL-02;Hystéropexie;;Céfazoline / Céfuroxime;"2 g IVL (Céfazoline) initialement, puis 1 g si durée > 4h, toutes les 4h ; 1,5 g IVL (Céfuroxime) initialement, puis 0,75 g si durée > 2h, toutes les 2h";"Si céfazoline : Clindamycine 900 mg IVL ; Si céfuroxime : Clindamycine 900 mg IVL + Gentamicine 6–7 mg/kg IVL";Respectivement 900 mg / 900 mg + 6–7 mg/kg;GYNECOLOGIE;FAIBLE;STANDARD;1;1;STANDARD;AUCUNE;APD-RA
GYN-VUL-03;Promontofixation;;Céfazoline / Céfuroxime;"2 g IVL (Céfazoline) initialement, puis 1 g si durée > 4h, toutes les 4h ; 1,5 g IVL (Céfuroxime) initialement, puis 0,75 g si durée > 2h, toutes les 2h";"Si céfazoline : Clindamycine 900 mg IVL ; Si céfuroxime : Clindamycine 900 mg IVL + Gentamicine 6–7 mg/kg IVL";Respectivement 900 mg / 900 mg + 6–7 mg/kg;GYNECOLOGIE;FAIBLE;STANDARD;1;1;STANDARD;AUCUNE;APD-RA
GYN-VUL-04;Colpo-périnéorraphie;;Céfazoline / Céfuroxime;"2 g IVL (Céfazoline) initialement, puis 1 g si durée > 4h, toutes les 4h ; 1,5 g IVL (Céfuroxime) initialement, puis 0,75 g si durée > 2h, toutes les 2h";"Si céfazoline : Clindamycine 900 mg IVL ; Si céfuroxime : Clindamycine 900 mg IVL + Gentamicine 6–7 mg/kg IVL";Respectivement 900 mg / 900 mg + 6–7 mg/kg;GYNECOLOGIE;FAIBLE;STANDARD;1;1;STANDARD;AUCUNE;APD-RA
GYN-UTE-17;Destruction de la muqueuse utérine par thermocontact;faible;PAS D'ANTIBIOPROPHYLAXIE;N/A;N/A;N/A;GYNECOLOGIE;FAIBLE;STANDARD;1;1;STANDARD;AUCUNE;LOCALE+SEDATION
GYN-UTE-18;Abrasion de la muqueuse de l'utérus;faible;PAS D'ANTIBIOPROPHYLAXIE;N/A;N/A;N/A;GYNECOLOGIE;FAIBLE;STANDARD;1;1;STANDARD;AUCUNE;LOCALE+SEDATION
GYN-UTE-19;Curetage de la cavité de l'utérus à visée thérapeutique;faible;PAS D'ANTIBIOPROPHYLAXIE;N/A;N/A;N/A;GYNECOLOGIE;FAIBLE;STANDARD;1;1;STANDARD;AUCUNE;APD-RA
GYN-UTE-20;Exérèse de polype de l'utérus;;PAS D'ANTIBIOPROPHYLAXIE;N/A;N/A;N/A;GYNECOLOGIE;FAIBLE;STANDARD;1;1;STANDARD;AUCUNE;LOCALE+SEDATION
GYN-UTE-21;Biopsie de l’endomètre;faible;PAS D'ANTIBIOPROPHYLAXIE;N/A;N/A;N/A;GYNECOLOGIE;FAIBLE;STANDARD;1;1;STANDARD;AUCUNE;LOCALE
GYN-UTE-22;Résection de myome de l'utérus;;PAS D'ANTIBIOPROPHYLAXIE;N/A;N/A;N/A;GYNECOLOGIE;FAIBLE;STANDARD;1;1;STANDARD;AUCUNE;LOCALE+SEDATION
GYN-UTE-23;Ablation d'un dispositif intra-utérin, par hystéroscopie;faible;PAS D'ANTIBIOPROPHYLAXIE;N/A;N/A;N/A;GYNECOLOGIE;FAIBLE;STANDARD;1;1;STANDARD;AUCUNE;LOCALE+SEDATION
GYN-UTE-24;Ablation de corps étranger de l'utérus;faible;PAS D'ANTIBIOPROPHYLAXIE;N/A;N/A;N/A;GYNECOLOGIE;FAIBLE;STANDARD;1;1;STANDARD;AUCUNE;LOCALE+SEDATION
GYN-VUL-05;Exérèse de la glande vestibulaire majeure (de Bartholin);;PAS D'ANTIBIOPROPHYLAXIE;N/A;N/A;N/A;GYNECOLOGIE;FAIBLE;STANDARD;1;1;STANDARD;AUCUNE;LOCALE+SEDATION
GYN-VUL-06;Exérèse d’adhérences ou de lésions vulvopérinéales;faible;PAS D'ANTIBIOPROPHYLAXIE;N/A;N/A;N/A;GYNECOLOGIE;FAIBLE;STANDARD;1;1;STANDARD;AUCUNE;LOCALE
GYN-VUL-07;Vulvectomie partielle sans curage;;PAS D'ANTIBIOPROPHYLAXIE;N/A;N/A;N/A;GYNECOLOGIE;FAIBLE;STANDARD;1;1;STANDARD;AUCUNE;APD-RA
GYN-VUL-08;Vulvo-périnéoplastie;;PAS D'ANTIBIOPROPHYLAXIE;N/A;N/A;N/A;GYNECOLOGIE;FAIBLE;STANDARD;1;1;STANDARD;AUCUNE;APD-RA
GYN-VUL-09;Nymphoplastie de réduction;;PAS D'ANTIBIOPROPHYLAXIE;N/A;N/A;N/A;GYNECOLOGIE;FAIBLE;STANDARD;1;1;STANDARD;AUCUNE;LOCALE
GYN-VUL-10;Périnéotomie médiane sans lambeau cutané périnéal, pour élargissement de l'orifice du vagin;;PAS D'ANTIBIOPROPHYLAXIE;N/A;N/A;N/A;GYNECOLOGIE;FAIBLE;STANDARD;1;1;STANDARD;AUCUNE;APD-RA
GYN-VUL-11;Destruction de lésions périnéales (quel que soit le nombre);;PAS D'ANTIBIOPROPHYLAXIE;N/A;N/A;N/A;GYNECOLOGIE;FAIBLE;STANDARD;1;1;STANDARD;AUCUNE;LOCALE
GYN-VUL-12;Amputation du clitoris;;PAS D'ANTIBIOPROPHYLAXIE;N/A;N/A;N/A;GYNECOLOGIE;FAIBLE;STANDARD;1;1;STANDARD;AUCUNE;LOCALE
GYN-VUL-13;Vulvectomie partielle avec curage lymphonodal inguinal unilatéral;;Céfazoline / Céfuroxime;"2 g IVL (Céfazoline) initialement, puis 1 g si durée > 4h, toutes les 4h ; 1,5 g IVL (Céfuroxime) initialement, puis 0,75 g si durée > 2h, toutes les 2h";"Si céfazoline : Clindamycine 900 mg IVL ; Si céfuroxime : Clindamycine 900 mg IVL + Gentamicine 6–7 mg/kg IVL";Respectivement 900 mg / 900 mg + 6–7 mg/kg;GYNECOLOGIE;FAIBLE;STANDARD;1;1;STANDARD;AUCUNE;APD-RA
GYN-VUL-14;Vulvectomie totale sans ou avec curage inguinal et/ou iliaque, uni- ou bilatéral;;Céfazoline / Céfuroxime;"2 g IVL (Céfazoline) initialement, puis 1 g si durée > 4h, toutes les 4h ; 1,5 g IVL (Céfuroxime) initialement, puis 0,75 g si durée > 2h, toutes les 2h";"Si céfazoline : Clindamycine 900 mg IVL ; Si céfuroxime : Clindamycine 900 mg IVL + Gentamicine 6–7 mg/kg IVL";Respectivement 900 mg / 900 mg + 6–7 mg/kg;GYNECOLOGIE;FAIBLE;STANDARD;1;1;STANDARD;AUCUNE;APD-RA
GYN-VUL-15;Périnéotomie médiane avec lambeau cutané périnéal;;Céfazoline / Céfuroxime;"2 g IVL (Céfazoline) initialement, puis 1 g si durée > 4h, toutes les 4h ; 1,5 g IVL (Céfuroxime) initialement, puis 0,75 g si durée > 2h, toutes les 2h";"Si céfazoline : Clindamycine 900 mg IVL ; Si céfuroxime : Clindamycine 900 mg IVL + Gentamicine 6–7 mg/kg IVL";Respectivement 900 mg / 900 mg + 6–7 mg/kg;GYNECOLOGIE;IMPORTANT;STANDARD;1;1;STANDARD;AUCUNE;APD-RA
GYN-VUL-16;Chirurgie de l’hymen;faible;PAS D'ANTIBIOPROPHYLAXIE;N/A;N/A;N/A;GYNECOLOGIE;FAIBLE;STANDARD;1;1;STANDARD;AUCUNE;LOCALE
GYN-VUL-17;Résection de cloison du vagin;faible;PAS D'ANTIBIOPROPHYLAXIE;N/A;N/A;N/A;GYNECOLOGIE;FAIBLE;STANDARD;1;1;STANDARD;AUCUNE;LOCALE+SEDATION
GYN-VUL-18;Destruction de lésions vaginales avec ou sans laser;faible;PAS D'ANTIBIOPROPHYLAXIE;N/A;N/A;N/A;GYNECOLOGIE;FAIBLE;STANDARD;1;1;STANDARD;AUCUNE;LOCALE
GYN-VUL-19;Chirurgie de l’hymen;faible;PAS D'ANTIBIOPROPHYLAXIE;N/A;N/A;N/A;GYNECOLOGIE;FAIBLE;STANDARD;1;1;STANDARD;AUCUNE;LOCALE
GYN-VUL-20;Résection de cloison du vagin;faible;PAS D'ANTIBIOPROPHYLAXIE;N/A;N/A;N/A;GYNECOLOGIE;FAIBLE;STANDARD;1;1;STANDARD;AUCUNE;LOCALE+SEDATION
GYN-VUL-21;Destruction de lésions vaginales avec ou sans laser;faible;PAS D'ANTIBIOPROPHYLAXIE;N/A;N/A;N/A;GYNECOLOGIE;FAIBLE;STANDARD;1;1;STANDARD;AUCUNE;LOCALE
GYN-PMA-01;rélèvement d'ovocytes sur un ou deux ovaires, par voie transvaginale avec échoguidage;faible;PAS D'ANTIBIOPROPHYLAXIE (Considérer une antibioprophylaxie par céfazoline limitée à la période opératoire en cas d’endométriose, d’antécédent de chirurgies pelviennes ou d’infection génitale haute);N/A;N/A;N/A;GYNECOLOGIE;FAIBLE;STANDARD;1;1;STANDARD;AUCUNE;LOCALE+SEDATION
GYN-PMA-02;Prélèvement d'ovocytes sur un ou deux ovaires, par coelioscopie;faible;PAS D'ANTIBIOPROPHYLAXIE (Considérer une antibioprophylaxie par céfazoline limitée à la période opératoire en cas d’endométriose, d’antécédent de chirurgies pelviennes ou d’infection génitale haute);N/A;N/A;N/A;GYNECOLOGIE;FAIBLE;STANDARD;1;1;STANDARD;AUCUNE;LOCALE+SEDATION
GYN-PMA-03;Transfert intra-utérin d'embryon, par voie vaginale;faible;PAS D'ANTIBIOPROPHYLAXIE (Considérer une antibioprophylaxie par céfazoline limitée à la période opératoire en cas d’endométriose, d’antécédent de chirurgies pelviennes ou d’infection génitale haute);N/A;N/A;N/A;GYNECOLOGIE;FAIBLE;STANDARD;1;1;STANDARD;AUCUNE;LOCALE
GYN-RAD-01;Embolisation de fibromes utérins;;PAS D'ANTIBIOPROPHYLAXIE;N/A;N/A;N/A;GYNECOLOGIE;IMPORTANT;STANDARD;1;1;STANDARD;AUCUNE;LOCALE+SEDATION
GYN-RAD-02;Embolisation de varices pelviennes (sans abord chirurgical du scarpa);;PAS D'ANTIBIOPROPHYLAXIE;N/A;N/A;N/A;GYNECOLOGIE;IMPORTANT;STANDARD;1;1;STANDARD;AUCUNE;LOCALE+SEDATION
OBS-ACC-01;Accouchement par césarienne programmée ou en urgence, en dehors ou en cours de travail;;Céfazoline (Injection de l’antibioprophylaxie en cas de césarienne selon les mêmes modalités que pour les autres chirurgies, soit, autant que possible, avant l’incision);2 g IVL initialement, puis 1 g si durée > 4h, toutes les 4h;Clindamycine 900 mg IVL;900 mg;OBSTETRIQUE;IMPORTANT;STANDARD;1;1;STANDARD;APD-RA;APD-RA
OBS-HEM-01;Suture du corps de l'utérus pour rupture obstétricale;;Céfazoline (Injection de l’antibioprophylaxie en cas de césarienne selon les mêmes modalités que pour les autres chirurgies, soit, autant que possible, avant l’incision);2 g IVL initialement, puis 1 g si durée > 4h, toutes les 4h;Clindamycine 900 mg IVL;900 mg;OBSTETRIQUE;MAJEUR;STANDARD;2;3;STANDARD;AUCUNE;APD-RA
OBS-GRO-01;Cerclage du col de l'utérus au cours de la grossesse, par voie transvaginale;faible;PAS D'ANTIBIOPROPHYLAXIE;N/A;N/A;N/A;OBSTETRIQUE;FAIBLE;STANDARD;1;1;STANDARD;AUCUNE;APD-RA
OBS-GRO-02;Ablation de cerclage du col de l'utérus;faible;PAS D'ANTIBIOPROPHYLAXIE;N/A;N/A;N/A;OBSTETRIQUE;FAIBLE;STANDARD;1;1;STANDARD;AUCUNE;APD-RA
OBS-HEM-02;Embolisation des artères iliaques internes et/ou de ses branches pour hémorragie du postpartum, par voie artérielle transcutanée;;PAS D'ANTIBIOPROPHYLAXIE;N/A;N/A;N/A;OBSTETRIQUE;IMPORTANT;STANDARD;2;1;STANDARD;AUCUNE;LOCALE+SEDATION
OBS-HEM-03;Tamponnement intra-utérin pour hémorragie obstétricale;;Céfazoline / Céfuroxime;"2 g IVL (Céfazoline) dose unique lors de la pose du ballon intra-utérin ; 1,5 g IVL (Céfuroxime) dose unique";"Si céfazoline : Clindamycine 900 mg IVL ; Si céfuroxime : Clindamycine 900 mg IVL + Gentamicine 6–7 mg/kg IVL";Respectivement 900 mg / 900 mg + 6–7 mg/kg;OBSTETRIQUE;MAJEUR;STANDARD;3;1;STANDARD;APD-RA;APD-RA
OBS-ACC-02;Révision de la cavité de l'utérus après délivrance naturelle;;Céfazoline / Céfuroxime;"2 g IVL (Céfazoline) dose unique lors de la révision ; 1,5 g IVL (Céfuroxime) dose unique";"Si céfazoline : Clindamycine 900 mg IVL ; Si céfuroxime : Clindamycine 900 mg IVL + Gentamicine 6–7 mg/kg IVL";Respectivement 900 mg / 900 mg + 6–7 mg/kg;OBSTETRIQUE;IMPORTANT;STANDARD;1;1;STANDARD;APD-RA;APD-RA
OBS-ACC-03;Extraction manuelle du placenta complet;;Céfazoline / Céfuroxime;"2 g IVL (Céfazoline) dose unique lors de la délivrance manuelle ; 1,5 g IVL (Céfuroxime) dose unique";"Si céfazoline : Clindamycine 900 mg IVL ; Si céfuroxime : Clindamycine 900 mg IVL + Gentamicine 6–7 mg/kg IVL";Respectivement 900 mg / 900 mg + 6–7 mg/kg;OBSTETRIQUE;IMPORTANT;STANDARD;1;1;STANDARD;APD-RA;APD-RA
OBS-ACC-04;Curetage de la cavité de l'utérus à visée thérapeutique;faible;PAS D'ANTIBIOPROPHYLAXIE;N/A;N/A;N/A;OBSTETRIQUE;IMPORTANT;STANDARD;1;1;STANDARD;APD-RA;APD-RA
OBS-HEM-04;Hystérectomie pour complications obstétricales, par laparotomie;;Céfoxitine;2 g IVL initialement, puis 1 g si durée > 2h, toutes les 2h;Clindamycine 900 mg IVL + Gentamicine 6–7 mg/kg IVL;Respectivement 900 mg + 6–7 mg/kg;OBSTETRIQUE;IMPORTANT;STANDARD;1;1;STANDARD;APD-RA;APD-RA
OBS-HEM-05;Ligature des artères iliaques internes pour hémorragie du post-partum, par laparotomie;;Céfazoline / Céfuroxime;"2 g IVL (Céfazoline) initialement, puis 1 g si durée > 4h, toutes les 4h ; 1,5 g IVL (Céfuroxime) initialement, puis 0,75 g si durée > 2h, toutes les 2h";"Si céfazoline : Clindamycine 900 mg IVL ; Si céfuroxime : Clindamycine 900 mg IVL + Gentamicine 6–7 mg/kg IVL";Respectivement 900 mg / 900 mg + 6–7 mg/kg;OBSTETRIQUE;MAJEUR;STANDARD;3;1;STANDARD;AUCUNE;LOCALE
OBS-HEM-06;Ligature des pédicules vasculaires de l'utérus pour hémorragie du post-partum, par laparotomie;;Céfazoline / Céfuroxime;"2 g IVL (Céfazoline) initialement, puis 1 g si durée > 4h, toutes les 4h ; 1,5 g IVL (Céfuroxime) initialement, puis 0,75 g si durée > 2h, toutes les 2h";"Si céfazoline : Clindamycine 900 mg IVL ; Si céfuroxime : Clindamycine 900 mg IVL + Gentamicine 6–7 mg/kg IVL";Respectivement 900 mg / 900 mg + 6–7 mg/kg;OBSTETRIQUE;MAJEUR;STANDARD;3;1;STANDARD;AUCUNE;AUCUNE
TRA-FRA-01;Ostéosynthèse par fixateur externe;;PAS D'ANTIBIOPROPHYLAXIE;N/A;N/A;N/A;TRAUMATOLOGIE;FAIBLE;STANDARD;1;3;STANDARD;BNP;RA
TRA-FRA-02;Ostéosynthèse par brochage percutané;;PAS D'ANTIBIOPROPHYLAXIE;N/A;N/A;N/A;TRAUMATOLOGIE;FAIBLE;STANDARD;1;1;STANDARD;BNP;RA
TRA-FRA-03;Ostéosynthèse à foyer ouvert (tout type de matériel) ou enclouage;;Céfazoline;2 g IVL initialement, puis 1 g si durée > 4h, toutes les 4h;"Fractures fermées : Clindamycine 900 mg IV ; Fractures ouvertes / plaies souillées : Clindamycine 900 mg IV + Gentamicine 6–7 mg/kg";Respectivement 900 mg / 900 mg + 6–7 mg/kg;TRAUMATOLOGIE;FAIBLE;STANDARD;1;1;STANDARD;BNP;RA
TRA-OUV-01;Fracture ouverte Gustilo 1, quel que soit le matériel mis en place;;Céfazoline;2 g IVL initialement, puis 1 g si durée > 4h, toutes les 4h;Fractures ouvertes : Clindamycine 900 mg IV + Gentamicine 6–7 mg/kg;Respectivement 900 mg + 6–7 mg/kg;TRAUMATOLOGIE;FAIBLE;STANDARD;1;3;STANDARD;BNP;RA
TRA-OUV-02;Fracture ouverte Gustilo 2 ou 3, quel que soit le matériel mis en place;;Amoxicilline/Clavulanate / Céfazoline + Gentamicine;"2 g IVL (Amoxicilline/Clavulanate) initialement, puis 1 g si durée > 2h, toutes les 2h ; 2 g IVL (Céfazoline) + Gentamicine dose unique (6–7 mg/kg)";Fractures ouvertes : Clindamycine 900 mg IV + Gentamicine 6–7 mg/kg;Respectivement 900 mg + 6–7 mg/kg;TRAUMATOLOGIE;FAIBLE;STANDARD;1;3;STANDARD;BNP;RA
TRA-MOL-01;Plaie des parties molles souillée macroscopiquement par une contamination tellurique et/ou fécale;faible;Amoxicilline/Clavulanate;2 g IVL initialement, puis 1 g si durée > 2h, toutes les 2h;Clindamycine 900 mg IV + Gentamicine 6–7 mg/kg;Respectivement 900 mg + 6–7 mg/kg;TRAUMATOLOGIE;FAIBLE;STANDARD;1;3;STANDARD;BNP;RA
TRA-MOL-02;Autre plaie des parties molles;;PAS D'ANTIBIOPROPHYLAXIE;N/A;N/A;N/A;TRAUMATOLOGIE;FAIBLE;STANDARD;1;3;STANDARD;BNP;RA
TRA-MOL-03;Morsure;;Amoxicilline/Clavulanate;2 g IVL initialement, puis 1 g si durée > 2h, toutes les 2h;Clindamycine 900 mg IV + Gentamicine 6–7 mg/kg;Respectivement 900 mg + 6–7 mg/kg;TRAUMATOLOGIE;FAIBLE;STANDARD;1;3;STANDARD;BNP;RA
TRA-MOL-04;Plaie articulaire;;Céfazoline;2 g IVL initialement, puis 1 g si durée > 4h, toutes les 4h;Clindamycine 900 mg IV + Gentamicine 6–7 mg/kg;Respectivement 900 mg + 6–7 mg/kg;TRAUMATOLOGIE;FAIBLE;STANDARD;1;3;STANDARD;BNP;RA
TRA-FRA-04;Ostéosynthèse de fracture(s) fermée(s) par fixateur externe;;PAS D'ANTIBIOPROPHYLAXIE;N/A;N/A;N/A;TRAUMATOLOGIE;FAIBLE;STANDARD;1;3;STANDARD;BNP;RA
TRA-FRA-05;Ostéosynthèse de fracture(s) fermée(s) par brochage percutané;;PAS D'ANTIBIOPROPHYLAXIE;N/A;N/A;N/A;TRAUMATOLOGIE;FAIBLE;STANDARD;1,00;1,00;STANDARD;BNP;RA
TRA-FRA-06;Ostéosynthèse de fracture(s) fermée(s) à foyer ouvert (tout type de matériel);;Céfazoline;2 g IVL initialement, puis 1 g si durée > 4h, toutes les 4h;Clindamycine 900 mg IV;900 mg;TRAUMATOLOGIE;FAIBLE;STANDARD;1,00;1,00;STANDARD;BNP;RA
TRA-MOL-05;Plaie de la main (dont plaie articulaire) non souillée macroscopiquement par une contamination tellurique et/ou fécale;;PAS D'ANTIBIOPROPHYLAXIE;N/A;N/A;N/A;TRAUMATOLOGIE;FAIBLE;STANDARD;1,00;2,00;STANDARD;BNP;LOCALE
TRA-OUV-03;Fractures ouvertes (hors traumatismes complexes);;PAS D'ANTIBIOPROPHYLAXIE;N/A;N/A;N/A;TRAUMATOLOGIE;FAIBLE;STANDARD;1,00;1,00;STANDARD;BNP;RA
TRA-MOL-06;Traumatisme de la dernière phalange;;PAS D'ANTIBIOPROPHYLAXIE;N/A;N/A;N/A;TRAUMATOLOGIE;FAIBLE;STANDARD;1,00;1,00;STANDARD;BNP;LOCALE
DIG-OES-01;Oesophagectomie;;Céfazoline / Céfuroxime;"2 g IVL (Céfazoline) initialement, puis 1 g si durée > 4h, toutes les 4h ; 1,5 g IVL (Céfuroxime) initialement, puis 0,75 g si durée > 2h, toutes les 2h";Vancomycine 20 mg/kg IVL ou Téicoplanine 12 mg/kg IVL;Respectivement 20 mg/kg IVL / 12 mg/kg IVL;DIGESTIVE;IMPORTANT;STANDARD;3,00;1,00;SELECTIF;AUCUNE;APD
DIG-OES-02;Excision de tumeur de l’oesophage;;Céfazoline / Céfuroxime;"2 g IVL (Céfazoline) initialement, puis 1 g si durée > 4h, toutes les 4h ; 1,5 g IVL (Céfuroxime) initialement, puis 0,75 g si durée > 2h, toutes les 2h";Vancomycine 20 mg/kg IVL ou Téicoplanine 12 mg/kg IVL;Respectivement 20 mg/kg IVL / 12 mg/kg IVL;DIGESTIVE;IMPORTANT;STANDARD;3,00;1,00;STANDARD;AUCUNE;AUCUNE
DIG-OES-03;Traitement d’un diverticule de l'oesophage;;Céfazoline / Céfuroxime;"2 g IVL (Céfazoline) initialement, puis 1 g si durée > 4h, toutes les 4h ; 1,5 g IVL (Céfuroxime) initialement, puis 0,75 g si durée > 2h, toutes les 2h";Vancomycine 20 mg/kg IVL ou Téicoplanine 12 mg/kg IVL;Respectivement 20 mg/kg IVL / 12 mg/kg IVL;DIGESTIVE;IMPORTANT;STANDARD;2,00;1,00;STANDARD;AUCUNE;AUCUNE
DIG-OES-04;Gastrectomie totale, totalisation de gastrectomie;;Céfazoline / Céfuroxime;"2 g IVL (Céfazoline) initialement, puis 1 g si durée > 4h, toutes les 4h ; 1,5 g IVL (Céfuroxime) initialement, puis 0,75 g si durée > 2h, toutes les 2h";Vancomycine 20 mg/kg IVL ou Téicoplanine 12 mg/kg IVL;Respectivement 20 mg/kg IVL / 12 mg/kg IVL;DIGESTIVE;IMPORTANT;STANDARD;2,00;1,00;STANDARD;AUCUNE;APD
DIG-OES-05;Gastrectomie partielle;;Céfazoline / Céfuroxime;"2 g IVL (Céfazoline) initialement, puis 1 g si durée > 4h, toutes les 4h ; 1,5 g IVL (Céfuroxime) initialement, puis 0,75 g si durée > 2h, toutes les 2h";Vancomycine 20 mg/kg IVL ou Téicoplanine 12 mg/kg IVL;Respectivement 20 mg/kg IVL / 12 mg/kg IVL;DIGESTIVE;IMPORTANT;STANDARD;2,00;1,00;STANDARD;AUCUNE;APD
DIG-BAR-01;Mise en place d’un anneau gastrique;;Céfazoline;2 g IVL initialement, puis 1 g si durée > 4h, toutes les 4h;Vancomycine 20 mg/kg IVL ou Téicoplanine 12 mg/kg IVL;Respectivement 20 mg/kg IVL / 12 mg/kg IVL;DIGESTIVE;FAIBLE;STANDARD;1,00;1,00;STANDARD;AUCUNE;AUCUNE
DIG-BAR-02;Réalisation d’un court-circuit gastrique ou d’une « sleeve » gastrectomie;;Céfoxitine;2 g IVL initialement, puis 1 g si durée > 2h, toutes les 2h;Gentamicine 6–7 mg/kg IVL + Métronidazole 1 g IVL;Respectivement 6–7 mg/kg IVL + 1 g IVL;DIGESTIVE;FAIBLE;STANDARD;2,00;1,00;STANDARD;AUCUNE;AUCUNE
DIG-INT-01;Résection de l’intestin grêle;;Céfoxitine;2 g IVL initialement, puis 1 g si durée > 2h, toutes les 2h;Gentamicine 6–7 mg/kg IVL + Métronidazole 1 g IVL;Respectivement 6–7 mg/kg IVL + 1 g IVL;DIGESTIVE;FAIBLE;STANDARD;1;1;STANDARD;AUCUNE;APD
DIG-INT-02;Entérostomie cutanée, par laparotomie;;Céfoxitine;2 g IVL initialement, puis 1 g si durée > 2h, toutes les 2h;Gentamicine 6–7 mg/kg IVL + Métronidazole 1 g IVL;Respectivement 6–7 mg/kg IVL + 1 g IVL;DIGESTIVE;FAIBLE;STANDARD;1;1;STANDARD;AUCUNE;APD
DIG-INT-03;Colectomie;;Tobramycine + Métronidazole (veille au soir), Céfoxitine (jour de la chirurgie);"Tobramycine 200 mg per os (dose unique) + Métronidazole 1 g per os (dose unique) la veille ; 2 g IVL (Céfoxitine) initialement, puis 1 g si durée > 2h, toutes les 2h";Gentamicine 6–7 mg/kg IVL + Métronidazole 1 g IVL;Respectivement 6–7 mg/kg IVL + 1 g IVL;DIGESTIVE;FAIBLE;STANDARD;2;1;STANDARD;AUCUNE;APD
DIG-INT-04;Amputation abdomino-périnéale;;Tobramycine + Métronidazole (veille au soir), Céfoxitine (jour de la chirurgie);"Tobramycine 200 mg per os (dose unique) + Métronidazole 1 g per os (dose unique) la veille ; 2 g IVL (Céfoxitine) initialement, puis 1 g si durée > 2h, toutes les 2h";Gentamicine 6–7 mg/kg IVL + Métronidazole 1 g IVL;Respectivement 6–7 mg/kg IVL + 1 g IVL;DIGESTIVE;IMPORTANT;STANDARD;2;1;STANDARD;AUCUNE;APD
DIG-INT-05;Proctectomie;;Tobramycine + Métronidazole (veille au soir), Céfoxitine (jour de la chirurgie);"Tobramycine 200 mg per os (dose unique) + Métronidazole 1 g per os (dose unique) la veille ; 2 g IVL (Céfoxitine) initialement, puis 1 g si durée > 2h, toutes les 2h";Gentamicine 6–7 mg/kg IVL + Métronidazole 1 g IVL;Respectivement 6–7 mg/kg IVL + 1 g IVL;DIGESTIVE;IMPORTANT;STANDARD;2;1;STANDARD;AUCUNE;APD
DIG-INT-06;Rétablissement de continuité;;Tobramycine + Métronidazole (veille au soir), Céfoxitine (jour de la chirurgie);"Tobramycine 200 mg per os (dose unique) + Métronidazole 1 g per os (dose unique) la veille ; 2 g IVL (Céfoxitine) initialement, puis 1 g si durée > 2h, toutes les 2h";Gentamicine 6–7 mg/kg IVL + Métronidazole 1 g IVL;Respectivement 6–7 mg/kg IVL + 1 g IVL;DIGESTIVE;FAIBLE;STANDARD;1;1;STANDARD;AUCUNE;APD
DIG-INT-07;Appendicectomie programmée;;Céfoxitine;2 g IVL initialement, puis 1 g si durée > 2h, toutes les 2h;Gentamicine 6–7 mg/kg IVL + Métronidazole 1 g IVL;Respectivement 6–7 mg/kg IVL + 1 g IVL;DIGESTIVE;FAIBLE;STANDARD;1;1;STANDARD;AUCUNE;AUCUNE
DIG-INT-08;Hémorroïdes;faible;Métronidazole;1 g IVL (dose unique);Clindamycine 900 mg IVL;900 mg;DIGESTIVE;FAIBLE;STANDARD;1;1;STANDARD;AUCUNE;BNP
DIG-INT-09;Kyste pilonidal;faible;Métronidazole;1 g IVL (dose unique);Clindamycine 900 mg IVL;900 mg;DIGESTIVE;FAIBLE;STANDARD;1;1;STANDARD;AUCUNE;LOCALE
DIG-INT-10;Fistule anale;faible;Métronidazole;1 g IVL (dose unique);Clindamycine 900 mg IVL;900 mg;DIGESTIVE;FAIBLE;STANDARD;1;1;STANDARD;AUCUNE;LOCALE
DIG-HEP-01;Cholécystectomie élective par laparoscopie (patients à haut risque);;Céfazoline / Céfuroxime;"2 g IVL (Céfazoline) initialement, puis 1 g si durée > 4h, toutes les 4h ; 1,5 g IVL (Céfuroxime) initialement, puis 0,75 g si durée > 2h, toutes les 2h";Vancomycine ou Téicoplanine;Respectivement 20 mg/kg IVL / 12 mg/kg IVL;DIGESTIVE;FAIBLE;STANDARD;1;1;STANDARD;AUCUNE;AUCUNE
DIG-HEP-02;Cholécystectomie élective par laparoscopie (patients à faible risque);faible;PAS D'ANTIBIOPROPHYLAXIE;N/A;N/A;N/A;DIGESTIVE;FAIBLE;STANDARD;1;1;STANDARD;AUCUNE;AUCUNE
DIG-HEP-03;Cholécystectomie, par laparotomie;;Céfazoline / Céfuroxime;"2 g IVL (Céfazoline) initialement, puis 1 g si durée > 4h, toutes les 4h ; 1,5 g IVL (Céfuroxime) initialement, puis 0,75 g si durée > 2h, toutes les 2h";Vancomycine ou Téicoplanine;Respectivement 20 mg/kg IVL / 12 mg/kg IVL;DIGESTIVE;FAIBLE;STANDARD;1;1;STANDARD;AUCUNE;AUCUNE
DIG-HEP-04;Cholécystectomie avec ablation transcystique de calcul de la voie biliaire principale;;Céfazoline / Céfuroxime;"2 g IVL (Céfazoline) initialement, puis 1 g si durée > 4h, toutes les 4h ; 1,5 g IVL (Céfuroxime) initialement, puis 0,75 g si durée > 2h, toutes les 2h";Vancomycine ou Téicoplanine;Respectivement 20 mg/kg IVL / 12 mg/kg IVL;DIGESTIVE;FAIBLE;STANDARD;1;1;STANDARD;AUCUNE;AUCUNE
DIG-HEP-05;Cholécystectomie avec ablation de calcul de la voie biliaire principale par choledocotomie;;Céfazoline / Céfuroxime;"2 g IVL (Céfazoline) initialement, puis 1 g si durée > 4h, toutes les 4h ; 1,5 g IVL (Céfuroxime) initialement, puis 0,75 g si durée > 2h, toutes les 2h";Vancomycine ou Téicoplanine;Respectivement 20 mg/kg IVL / 12 mg/kg IVL;DIGESTIVE;FAIBLE;STANDARD;1;1;STANDARD;AUCUNE;AUCUNE
DIG-HEP-06;Ablation de calcul de la voie biliaire principale, par laparoscopie ou laparotomie;;Céfazoline / Céfuroxime;"2 g IVL (Céfazoline) initialement, puis 1 g si durée > 4h, toutes les 4h ; 1,5 g IVL (Céfuroxime) initialement, puis 0,75 g si durée > 2h, toutes les 2h";Vancomycine ou Téicoplanine;Respectivement 20 mg/kg IVL / 12 mg/kg IVL;DIGESTIVE;FAIBLE;STANDARD;1;1;STANDARD;AUCUNE;AUCUNE
DIG-HEP-07;Cholécystectomie avec choledoco-jéjunostomie;;Céfoxitine;2 g IVL initialement, puis 1 g si durée > 2h, toutes les 2h;Gentamicine + Métronidazole;Respectivement 6–7 mg/kg IVL + 1 g IVL;DIGESTIVE;FAIBLE;STANDARD;2;1;STANDARD;AUCUNE;AUCUNE
DIG-HEP-08;Résection de la voie biliaire principale pédiculaire avec anastomose bilio-digestive, par laparotomie;;Céfoxitine;2 g IVL initialement, puis 1 g si durée > 2h, toutes les 2h;Gentamicine + Métronidazole;Respectivement 6–7 mg/kg IVL + 1 g IVL;DIGESTIVE;IMPORTANT;STANDARD;2;1;STANDARD;AUCUNE;AUCUNE
DIG-HEP-09;Hépatectomie sans chirurgie des voies biliaires;;Céfazoline / Céfuroxime;"2 g IVL (Céfazoline) initialement, puis 1 g si durée > 4h, toutes les 4h ; 1,5 g IVL (Céfuroxime) initialement, puis 0,75 g si durée > 2h, toutes les 2h";Vancomycine ou Téicoplanine;Respectivement 20 mg/kg IVL / 12 mg/kg IVL;DIGESTIVE;IMPORTANT;STANDARD;2;1;STANDARD;AUCUNE;APD
DIG-HEP-10;Chirurgie des kystes hépatiques simples;;PAS D'ANTIBIOPROPHYLAXIE;N/A;N/A;N/A;DIGESTIVE;FAIBLE;STANDARD;1;1;STANDARD;AUCUNE;AUCUNE
DIG-HEP-11;Splénectomie;;Céfazoline / Céfuroxime;"2 g IVL (Céfazoline) initialement, puis 1 g si durée > 4h, toutes les 4h ; 1,5 g IVL (Céfuroxime) initialement, puis 0,75 g si durée > 2h, toutes les 2h";Vancomycine ou Téicoplanine;Respectivement 20 mg/kg IVL / 12 mg/kg IVL;DIGESTIVE;FAIBLE;STANDARD;1;1;STANDARD;AUCUNE;AUCUNE
DIG-HEP-12;Chirurgie pancréatique;;Céfazoline / Céfuroxime;"2 g IVL (Céfazoline) initialement, puis 1 g si durée > 4h, toutes les 4h ; 1,5 g IVL (Céfuroxime) initialement, puis 0,75 g si durée > 2h, toutes les 2h";Vancomycine ou Téicoplanine;Respectivement 20 mg/kg IVL / 12 mg/kg IVL;DIGESTIVE;IMPORTANT;RENFORCE;2;1;STANDARD;AUCUNE;AUCUNE
DIG-HEP-13;Duodéno-pancréatectomie céphalique (DPC) sans geste de drainage biliaire préopératoire;;Céfoxitine;2 g IVL initialement, puis 1 g si durée > 2h, toutes les 2h;Gentamicine + Métronidazole;Respectivement 6–7 mg/kg IVL + 1 g IVL;DIGESTIVE;MAJEUR;RENFORCE;3;1;STANDARD;AUCUNE;APD
DIG-HEP-14;Duodéno-pancréatectomie totale (DPT) sans geste de drainage biliaire préopératoire;;Céfoxitine;2 g IVL initialement, puis 1 g si durée > 2h, toutes les 2h;Gentamicine + Métronidazole;Respectivement 6–7 mg/kg IVL + 1 g IVL;DIGESTIVE;MAJEUR;RENFORCE;3;1;STANDARD;AUCUNE;APD
DIG-HEP-15;"DPC ou DPT pour ampullome ou avec
antécédent de drainage biliaire ou de
sphinctérotomie préopératoires";;"Pipéracilline +
Tazobactam";"4g si durée > 4h,
puis toutes les 4h
jusqu’à fin de
chirurgie";Gentamicine + Métronidazole;Respectivement 6–7 mg/kg IVL + 1 g IVL;DIGESTIVE;MAJEUR;STANDARD;3;1;STANDARD;AUCUNE;APD
DIG-HEP-16;Transplantation de foie total;;Céfoxitine;2 g IVL initialement, puis 1 g si durée > 2h, toutes les 2h;Gentamicine + Métronidazole;Respectivement 6–7 mg/kg IVL + 1 g IVL;DIGESTIVE;MAJEUR;STANDARD;3;1;ARMEE;AUCUNE;AUCUNE
DIG-HEP-17; Transplantation de foie réduit;;Céfoxitine;2 g IVL initialement, puis 1 g si durée > 2h, toutes les 2h;Gentamicine + Métronidazole;Respectivement 6–7 mg/kg IVL + 1 g IVL;DIGESTIVE;MAJEUR;STANDARD;3;1;ARMEE;AUCUNE;AUCUNE
DIG-HEP-18;Transplantation du pancréas;;Céfoxitine;2 g IVL initialement, puis 1 g si durée > 2h, toutes les 2h;Gentamicine + Métronidazole;Respectivement 6–7 mg/kg IVL + 1 g IVL;DIGESTIVE;MAJEUR;STANDARD;3;1;STANDARD;AUCUNE;AUCUNE
DIG-HEP-19; Transplantation du pancréas et du rein;;Céfoxitine;2 g IVL initialement, puis 1 g si durée > 2h, toutes les 2h;Gentamicine + Métronidazole;Respectivement 6–7 mg/kg IVL + 1 g IVL;DIGESTIVE;MAJEUR;STANDARD;3;1;STANDARD;AUCUNE;AUCUNE
DIG-HER-01;"Cure de hernie inguinale et crurale avec
prothèse (voie ouverte ou laparoscopique)";faible;Céfazoline / Céfuroxime;"2 g IVL (Céfazoline) initialement, puis 1 g si durée > 4h, toutes les 4h ; 1,5 g IVL (Céfuroxime) initialement, puis 0,75 g si durée > 2h, toutes les 2h";Vancomycine ou Téicoplanine;Respectivement 20 mg/kg IVL / 12 mg/kg IVL;DIGESTIVE;FAIBLE;STANDARD;1;1;STANDARD;AUCUNE;RA
DIG-HER-02;Cure de hernie de l’aine sans prothèse;faible;PAS D'ANTIBIOPROPHYLAXIE;;;;DIGESTIVE;FAIBLE;STANDARD;1;1;STANDARD;AUCUNE;RA
END-CPR-01;Cholangiographie;faible;PAS D'ANTIBIOPROPHYLAXIE;;;;ENDO_DIGESTIVE;FAIBLE;STANDARD;1;1;VS;AUCUNE;LOCALE+SEDATION
END-CPR-02;Pancréatographie;faible;PAS D'ANTIBIOPROPHYLAXIE;;;;ENDO_DIGESTIVE;FAIBLE;STANDARD;1;1;VS;AUCUNE;LOCALE+SEDATION
END-CPR-03;Dilatation et pose de prothèses biliaires ou pancréatiques avec drainage complet;faible;PAS D'ANTIBIOPROPHYLAXIE;;;;ENDO_DIGESTIVE;FAIBLE;STANDARD;1;1;VS;AUCUNE;LOCALE+SEDATION
END-CPR-04;"Extraction de calculs biliaires ou
pancréatiques, avec ou sans lithotritie
mécanique, avec drainage biliaire complet
satisfaisant";faible;PAS D'ANTIBIOPROPHYLAXIE;;;;ENDO_DIGESTIVE;FAIBLE;STANDARD;1;1;VS;AUCUNE;LOCALE+SEDATION
END-ECH-01;"Ponction de lésion tissulaire pancréatique ou
extra pancréatique, para-oesophagienne,
para-gastrique, para-duodénale ou pararectale*";;PAS D'ANTIBIOPROPHYLAXIE;;;;ENDO_DIGESTIVE;FAIBLE;STANDARD;1;1;VS;AUCUNE;LOCALE+SEDATION
END-ECH-02;"Ponction de lésion kystique pancréatique sans
facteur de risque d’infection";;PAS D'ANTIBIOPROPHYLAXIE;;;;ENDO_DIGESTIVE;FAIBLE;STANDARD;1;1;VS;AUCUNE;LOCALE+SEDATION
END-ECH-03;"Ponction de lésion kystique pancréatique avec
facteur(s) de risque d’infection liés au geste
endoscopique (saignement intra-kystique,
absence de vidange complète de la lésion
kystique après ponction) et/ou au patient
(contexte d’immunosuppression, ou haut
risque d’endocardite infectieuse)";;Céfoxitine;2 g IVL initialement, puis 1 g si durée > 2h, toutes les 2h;Gentamicine + Métronidazole;Respectivement 6–7 mg/kg IVL + 1 g IVL;ENDO_DIGESTIVE;FAIBLE;STANDARD;1;1;VS;AUCUNE;LOCALE+SEDATION
END-ECH-04;Kysto-gastrostomie;faible;Céfoxitine;2 g IVL initialement, puis 1 g si durée > 2h, toutes les 2h;Gentamicine + Métronidazole;Respectivement 6–7 mg/kg IVL + 1 g IVL;ENDO_DIGESTIVE;FAIBLE;STANDARD;1;1;VS;AUCUNE;LOCALE+SEDATION
END-ECH-05;"Ponction de liquide d’ascite, avec ou sans
ponction de nodule péritonéal perendoscopique
(i.e. à travers le tube digestif)";faible;Céfoxitine;2 g IVL initialement, puis 1 g si durée > 2h, toutes les 2h;Gentamicine + Métronidazole;Respectivement 6–7 mg/kg IVL + 1 g IVL;ENDO_DIGESTIVE;FAIBLE;STANDARD;1;1;VS;AUCUNE;LOCALE+SEDATION
END-ECH-06;"Ponction liquide pleural per endoscopique (i.e.
à travers le tube digestif)";faible;Céfoxitine;2 g IVL initialement, puis 1 g si durée > 2h, toutes les 2h;Gentamicine + Métronidazole;Respectivement 6–7 mg/kg IVL + 1 g IVL;ENDO_DIGESTIVE;FAIBLE;STANDARD;1;1;VS;AUCUNE;LOCALE+SEDATION
END-ECH-07;"Constitution d’une anastomose gastro-jéjunale
sous écho-endoscopie";;Céfoxitine;2 g IVL initialement, puis 1 g si durée > 2h, toutes les 2h;Gentamicine + Métronidazole;Respectivement 6–7 mg/kg IVL + 1 g IVL;ENDO_DIGESTIVE;FAIBLE;STANDARD;1;1;VS;AUCUNE;LOCALE+SEDATION
END-DIG-01;"Fibroscopie oeso-gastro-duodénale
diagnostique, avec ou sans biopsie
";faible;PAS D'ANTIBIOPROPHYLAXIE;;;;ENDO_DIGESTIVE;FAIBLE;STANDARD;1;1;VS;AUCUNE;LOCALE+SEDATION
END-DIG-02;"Fibroscopie oeso-gastro-duodénale
thérapeutique avec dilatation, ou pose de
prothèse, ou mucosectomie ou dissection
sous-muqueuse.";faible;PAS D'ANTIBIOPROPHYLAXIE;;;;ENDO_DIGESTIVE;FAIBLE;STANDARD;1;1;VS;AUCUNE;LOCALE+SEDATION
END-DIG-03;"Pose de gastrostomie, par voie transcutanée
avec guidage endoscopique";faible;Céfazoline;2 g IVL initialement, puis 1 g si durée > 4h, toutes les 4h;Vancomycine 20 mg/kg IVL ou Téicoplanine 12 mg/kg IVL;Respectivement 20 mg/kg IVL / 12 mg/kg IVL;ENDO_DIGESTIVE;FAIBLE;STANDARD;1;1;VS;AUCUNE;LOCALE+SEDATION
END-VAR-01;" Sclérose et/ou ligature de varices oesogastriques,
en dehors de la période
hémorragique";faible;PAS D'ANTIBIOPROPHYLAXIE;;;;ENDO_DIGESTIVE;MAJEUR;STANDARD;2;1;VS;AUCUNE;LOCALE+SEDATION
END-VAR-02;"Sclérose et/ou ligature de varices oesogastriques
en période hémorragique";;Ciprofloxacine;" 400 mg/IVL x2/j, puis relais per os
après 48h";Ceftriaxone ;1 g/24h IV;ENDO_DIGESTIVE;MAJEUR;RENFORCE;3;1;VS;AUCUNE;LOCALE+SEDATION
END-DIG-04;"Coloscopie diagnostique, avec ou sans
biopsie";faible;PAS D'ANTIBIOPROPHYLAXIE;;;;ENDO_DIGESTIVE;FAIBLE;STANDARD;1;1;VS;AUCUNE;LOCALE+SEDATION
END-DIG-05;"Coloscopie thérapeutique avec dilatation, ou
pose de prothèse, ou mucosectomie ou
dissection sous-muqueuse";faible;PAS D'ANTIBIOPROPHYLAXIE;;;;ENDO_DIGESTIVE;FAIBLE;STANDARD;1;1;VS;AUCUNE;LOCALE+SEDATION
END-RAD-01;embolisation hépatique;;PAS D'ANTIBIOPROPHYLAXIE;;;;RADIOLOGIE;FAIBLE;STANDARD;1;1;STANDARD;AUCUNE;LOCALE+SEDATION
END-RAD-02;"Shunt porto-systémique intra-hépatique
transjugulaire";;PAS D'ANTIBIOPROPHYLAXIE;;;;RADIOLOGIE;FAIBLE;STANDARD;3;1;STANDARD;AUCUNE;LOCALE+SEDATION
END-RAD-03;Chimio-embolisation;;PAS D'ANTIBIOPROPHYLAXIE;;;;RADIOLOGIE;FAIBLE;STANDARD;1;1;STANDARD;AUCUNE;LOCALE+SEDATION
END-RAD-04;DRAINAGE BILIAIRE;faible;PAS D'ANTIBIOPROPHYLAXIE;;;;RADIOLOGIE;FAIBLE;STANDARD;1;1;STANDARD;AUCUNE;LOCALE+SEDATION
URO-PRO-01;Résection trans-urétrale de prostate (RTUP);;Céfazoline / Céfuroxime;"2 g IVL (Céfazoline) initialement, puis 1 g si durée > 4h, toutes les 4h ; 1,5 g IVL (Céfuroxime) initialement, puis 0,75 g si durée > 2h, toutes les 2h";Gentamicine; 6–7 mg/kg IVL ;UROLOGIE;FAIBLE;STANDARD;1;1;STANDARD;AUCUNE;RA
URO-PRO-02;ADENOMECTOMIE CHIRURGIALE;;Céfazoline / Céfuroxime;"2 g IVL (Céfazoline) initialement, puis 1 g si durée > 4h, toutes les 4h ; 1,5 g IVL (Céfuroxime) initialement, puis 0,75 g si durée > 2h, toutes les 2h";Gentamicine; 6–7 mg/kg IVL ;UROLOGIE;FAIBLE;STANDARD;1;1;STANDARD;AUCUNE;AUCUNE
URO-PRO-03;"Traitement de l’hypertrophie bénigne de la
prostate par d’autres techniques : énucléation
(laser holmium [HoLEP], laser thulium [ThuLEP], laser
greenlight [GreenLEP], bipolaire [BIPOLEP]), pose
d’implant intraprostatique (UROLIFT), thermothérapie
à la vapeur d’eau (REZUM), ultrasons focalisés
(HIFU) et embolisation des artères prostatiques ";;Céfazoline / Céfuroxime;"2 g IVL (Céfazoline) initialement, puis 1 g si durée > 4h, toutes les 4h ; 1,5 g IVL (Céfuroxime) initialement, puis 0,75 g si durée > 2h, toutes les 2h";Gentamicine; 6–7 mg/kg IVL ;UROLOGIE;FAIBLE;STANDARD;1;1;STANDARD;AUCUNE;LOCALE+SEDATION
URO-PRO-04;Prostatectomie totale;;PAS D'ANTIBIOPROPHYLAXIE;;;;UROLOGIE;FAIBLE;STANDARD;1;1;STANDARD;AUCUNE;AUCUNE
URO-PRO-05;Curiethérapie;;PAS D'ANTIBIOPROPHYLAXIE;;;;UROLOGIE;FAIBLE;STANDARD;1;1;STANDARD;AUCUNE;RA
URO-PRO-06;Biopsies de prostate par voie trans-périnéale;faible;PAS D'ANTIBIOPROPHYLAXIE;;;;UROLOGIE;FAIBLE;STANDARD;1;1;STANDARD;AUCUNE;LOCALE
URO-PRO-07;Biopsies de prostate par voie transrectale;faible;Fosfomycine-trométamol;" 3g per os 2 h avant
le geste";Ciprofloxacine;"500mg
per os   2 h avant
le geste";UROLOGIE;FAIBLE;STANDARD;1;1;STANDARD;AUCUNE;LOCALE
URO-VES-01;Cystoscopie diagnostique;faible;PAS D'ANTIBIOPROPHYLAXIE;;;;UROLOGIE;FAIBLE;STANDARD;1;1;STANDARD;AUCUNE;LOCALE+SEDATION
URO-VES-02; Résection trans-urétrale de vessie (RTUV);;PAS D'ANTIBIOPROPHYLAXIE;;;;UROLOGIE;FAIBLE;STANDARD;1;1;STANDARD;RA;BNP
URO-INC-01;Cure d’incontinence urinaire;;PAS D'ANTIBIOPROPHYLAXIE;;;;UROLOGIE;FAIBLE;STANDARD;1;1;STANDARD;AUCUNE;BNP
URO-VES-03;Injection intra-détrusorienne de toxine botulique;;PAS D'ANTIBIOPROPHYLAXIE;;;;UROLOGIE;FAIBLE;STANDARD;1;1;STANDARD;AUCUNE;LOCALE+SEDATION
URO-INC-02;"Cure de prolapsus, quelle que soit la voie
d’abord, avec ou sans matérie";;Céfazoline / Céfuroxime;"2 g IVL (Céfazoline) initialement, puis 1 g si durée > 4h, toutes les 4h ; 1,5 g IVL (Céfuroxime) initialement, puis 0,75 g si durée > 2h, toutes les 2h";Gentamicine; 6–7 mg/kg IVL ;UROLOGIE;FAIBLE;STANDARD;1;1;1;APD-RA;BNP
URO-VES-04;Injection de macroplastique;;Céfazoline / Céfuroxime;"3 g IVL (Céfazoline) initialement, puis 1 g si durée > 4h, toutes les 4h ; 1,5 g IVL (Céfuroxime) initialement, puis 0,75 g si durée > 2h, toutes les 2h";Gentamicine; 6–7 mg/kg IVL ;UROLOGIE;FAIBLE;STANDARD;1;1;1;APD-RA;LOCALE
URO-VES-05;"Cystectomie sustrigonale partielle ou totale, quel
que soit le mode de dérivation";;Céfoxitine;2 g IVL;Gentamicine + Métronidazole;Respectivement 6–7 mg/kg IVL + 1 g IVL;UROLOGIE;FAIBLE;STANDARD;1;1;STANDARD;AUCUNE;APD-RA
URO-SCR-01;Pose de prothèse pénienne;;Céfazoline / Céfuroxime;"2 g IVL (Céfazoline) initialement, puis 1 g si durée > 4h, toutes les 4h ; 1,5 g IVL (Céfuroxime) initialement, puis 0,75 g si durée > 2h, toutes les 2h";Gentamicine; 6–7 mg/kg IVL ;UROLOGIE;FAIBLE;STANDARD;1;1;STANDARD;AUCUNE;BNP
URO-SCR-02;Pose de prothèse testiculaire;;Céfazoline / Céfuroxime;"2 g IVL (Céfazoline) initialement, puis 1 g si durée > 4h, toutes les 4h ; 1,5 g IVL (Céfuroxime) initialement, puis 0,75 g si durée > 2h, toutes les 2h";Gentamicine; 6–7 mg/kg IVL ;UROLOGIE;FAIBLE;STANDARD;1;1;STANDARD;AUCUNE;BNP
URO-SCR-03;Chirurgie scrotale ou de la verge sans prothèse;;PAS D’ANTIBIOPROPHYLAXIE;;;;UROLOGIE;FAIBLE;STANDARD;1;1;STANDARD;AUCUNE;BNP
URO-HAU-01;Urétéroscopie diagnostique et/ou thérapeutique;faible;Céfazoline / Céfuroxime;"2 g IVL (Céfazoline) initialement, puis 1 g si durée > 4h, toutes les 4h ; 1,5 g IVL (Céfuroxime) initialement, puis 0,75 g si durée > 2h, toutes les 2h";Gentamicine; 6–7 mg/kg IVL ;UROLOGIE;FAIBLE;STANDARD;1;1;STANDARD;AUCUNE;LOCALE+SEDATION
URO-VES-06;Urétrotomie, urétroplastie;;Céfazoline / Céfuroxime;"2 g IVL (Céfazoline) initialement, puis 1 g si durée > 4h, toutes les 4h ; 1,5 g IVL (Céfuroxime) initialement, puis 0,75 g si durée > 2h, toutes les 2h";Gentamicine; 6–7 mg/kg IVL ;UROLOGIE;FAIBLE;STANDARD;1;1;STANDARD;AUCUNE;BNP
URO-HAU-02; Montée de sonde JJ;faible;Céfazoline / Céfuroxime;"2 g IVL (Céfazoline) initialement, puis 1 g si durée > 4h, toutes les 4h ; 1,5 g IVL (Céfuroxime) initialement, puis 0,75 g si durée > 2h, toutes les 2h";Gentamicine; 6–7 mg/kg IVL ;UROLOGIE;FAIBLE;STANDARD;1;1;STANDARD;AUCUNE;LOCALE+SEDATION
URO-HAU-03;Pose de sonde de néphrostomie;;Céfazoline / Céfuroxime;"2 g IVL (Céfazoline) initialement, puis 1 g si durée > 4h, toutes les 4h ; 1,5 g IVL (Céfuroxime) initialement, puis 0,75 g si durée > 2h, toutes les 2h";Gentamicine; 6–7 mg/kg IVL ;UROLOGIE;FAIBLE;STANDARD;1;1;STANDARD;AUCUNE;LOCALE+SEDATION
URO-HAU-04;Néphrolithotomie percutanée;faible;Céfazoline / Céfuroxime;"2 g IVL (Céfazoline) initialement, puis 1 g si durée > 4h, toutes les 4h ; 1,5 g IVL (Céfuroxime) initialement, puis 0,75 g si durée > 2h, toutes les 2h";Gentamicine; 6–7 mg/kg IVL ;UROLOGIE;FAIBLE;STANDARD;1;1;STANDARD;AUCUNE;BNP
URO-HAU-05;Lithotritie extra-corporelle;faible;PAS D'ANTIBIOPROPHYLAXIE;;;;;FAIBLE;STANDARD;1;1;STANDARD;AUCUNE;LOCALE
URO-HAU-06;"Pose ou changement de cathéter de dialyse
intrapéritonéale";faible;Céfazoline / Céfuroxime;"2 g IVL (Céfazoline) initialement, puis 1 g si durée > 4h, toutes les 4h ; 1,5 g IVL (Céfuroxime) initialement, puis 0,75 g si durée > 2h, toutes les 2h";Gentamicine; 6–7 mg/kg IVL ;;FAIBLE;STANDARD;1;1;STANDARD;AUCUNE;LOCALE+SEDATION
URO-HAU-07;Néphrectomie totale ou partielle;;PAS D'ANTIBIOPROPHYLAXIE;;;;UROLOGIE;FAIBLE;STANDARD;2;1;STANDARD;AUCUNE;AUCUNE
URO-HAU-08;Surrénalectomie;;PAS D'ANTIBIOPROPHYLAXIE;;;;UROLOGIE;FAIBLE;STANDARD;2;1;STANDARD;AUCUNE;AUCUNE
URO-HAU-09; Embolisation des artères rénales;;PAS D'ANTIBIOPROPHYLAXIE;;;;UROLOGIE;FAIBLE;STANDARD;1;1;STANDARD;AUCUNE;LOCALE+SEDATION
URO-HAU-10;Thermoablation de tumeur rénale;;PAS D'ANTIBIOPROPHYLAXIE;;;;UROLOGIE;FAIBLE;STANDARD;1;1;STANDARD;AUCUNE;LOCALE+SEDATION
URO-HAU-11;Transplantation rénale;;Céfazoline / Céfuroxime;"2 g IVL (Céfazoline) initialement, puis 1 g si durée > 4h, toutes les 4h ; 1,5 g IVL (Céfuroxime) initialement, puis 0,75 g si durée > 2h, toutes les 2h";Gentamicine; 6–7 mg/kg IVL ;UROLOGIE;FAIBLE;STANDARD;2;1;ARMEE;AUCUNE;AUCUNE
;;;;;;;;;STANDARD;1;1;;;
;;;;;;;;;STANDARD;1;1;;;